INSERT INTO public.ref_marital_status (marital_status_id, marital_status_name, description,  created, modified) VALUES (1,'SINGLE',NULL,'2018-03-08 11:11:10','2018-03-08 11:11:10'),(2,'MARRIED',NULL,'2018-03-08 11:11:10','2018-03-08 11:11:10'),(3,'SEPERATED',NULL,'2018-03-08 11:11:10','2018-03-08 11:11:10'),(4,'DIVORCED',NULL,'2018-03-08 11:11:10','2018-03-08 11:11:10'),(5,'WIDOWED',NULL,'2018-03-08 11:11:10','2018-03-08 11:11:10');

INSERT INTO public.ref_geographical_boundary_types(geographical_boundary_type_id, boundary_type_name,  entity_name, created, modified) VALUES (1,'Geographic Boundary','GeographicBoundary','2014-01-31 12:28:33','2014-01-31 12:28:33'),(2,'Local Government Area','LocalGovernmentArea','2014-01-31 12:28:33','2014-01-31 12:28:33'),(3,'Postal Code','PostalCode','2014-01-31 12:28:33','2014-01-31 12:28:33'),(4,'Province','Province','2014-01-31 12:28:33','2014-01-31 12:28:33'),(5,'Territory','Territory','2014-01-31 12:28:33','2014-01-31 12:28:33'),(6,'State','State','2014-01-31 12:28:33','2014-01-31 12:28:33'),(7,'Country','Country','2014-01-31 12:28:33','2014-01-31 12:28:33'),(8,'City','City','2014-01-31 12:28:33','2014-01-31 12:28:33'),(9,'County','County','2014-01-31 12:28:33','2014-01-31 12:28:33'),(10,'County City','CountyCity','2014-01-31 12:28:33','2014-01-31 12:28:33'),(11,'Region','Region','2014-01-31 12:28:33','2014-01-31 12:28:33');

INSERT INTO public.ref_gender_types(gender_id, gender_name, description, created, modified) VALUES (1,'FEMALE',NULL,'2018-06-13 11:32:03','2018-06-13 11:32:03'),(2,'MALE',NULL,'2018-06-13 11:32:03','2018-06-13 11:32:03');

INSERT INTO public.ref_file_purpose(file_purpose_id, purpose_name, description, created, modified) VALUES (1,'FINGER PRINT IDENTIFICATION',NULL,'2018-03-08 15:54:14','2018-03-08 15:54:14'),(2,'PICTURE IDENTIFICATION',NULL,'2018-03-08 15:54:15','2018-03-08 15:54:15'),(3,'PAYMENT EVIDENCE',NULL,'2018-03-08 15:54:15','2018-03-08 15:54:15'),(4,'KYC DOCUMENT',NULL,'2018-03-08 15:54:15','2018-03-08 15:54:15'),(5,'CUSTOMER SIGNATURE',NULL,'2018-03-08 15:54:15','2018-03-08 15:54:15');

INSERT INTO public.ref_occupations(occupation_id, occupation_name, remarks, created, modified) VALUES (1,'ACCOUNTANT',NULL,'2018-06-04 18:55:34','2018-06-04 18:55:34'),(2,'ACTOR/ACTRESS',NULL,'2018-06-04 18:55:34','2018-06-04 18:55:34'),(3,'ACTUARY',NULL,'2018-06-04 18:55:34','2018-06-04 18:55:34'),(4,'ADVERTISING AND PUBLIC RELATIONS',NULL,'2018-06-04 18:55:34','2018-06-04 18:55:34'),(5,'AERONAUTICAL ENGINEER',NULL,'2018-06-04 18:55:34','2018-06-04 18:55:34'),(6,'AGRICULTURAL ENGINEER',NULL,'2018-06-04 18:55:34','2018-06-04 18:55:34'),(7,'AGRICULTURAL SCIENTIST',NULL,'2018-06-04 18:55:34','2018-06-04 18:55:34'),(8,'AIR TRANSPORT PROFESSIONAL / WORKER',NULL,'2018-06-04 18:55:34','2018-06-04 18:55:34'),(9,'ANATOMIST OR PHYSIOLOGIST',NULL,'2018-06-04 18:55:35','2018-06-04 18:55:35'),(10,'ARCHITECT',NULL,'2018-06-04 18:55:35','2018-06-04 18:55:35'),(11,'AUDITOR',NULL,'2018-06-04 18:55:35','2018-06-04 18:55:35'),(12,'BARRISTER',NULL,'2018-06-04 18:55:35','2018-06-04 18:55:35'),(13,'BIOCHEMIST',NULL,'2018-06-04 18:55:35','2018-06-04 18:55:35'),(14,'BIOMEDICAL ENGINEER',NULL,'2018-06-04 18:55:35','2018-06-04 18:55:35'),(15,'BIOTECHNOLOGIST',NULL,'2018-06-04 18:55:35','2018-06-04 18:55:35'),(16,'BLACKSMITH',NULL,'2018-06-04 18:55:35','2018-06-04 18:55:35'),(17,'BOTANIST',NULL,'2018-06-04 18:55:35','2018-06-04 18:55:35'),(18,'BOOK OR SCRIPT EDITOR',NULL,'2018-06-04 18:55:35','2018-06-04 18:55:35'),(19,'BRICKLAYER',NULL,'2018-06-04 18:55:35','2018-06-04 18:55:35'),(20,'CARDIOLOGIST',NULL,'2018-06-04 18:55:35','2018-06-04 18:55:35'),(21,'COUNSELLOR',NULL,'2018-06-04 18:55:35','2018-06-04 18:55:35'),(22,'CARPENTER',NULL,'2018-06-04 18:55:35','2018-06-04 18:55:35'),(23,'CHEF',NULL,'2018-06-04 18:55:35','2018-06-04 18:55:35'),(24,'CHEMICAL ENGINEER',NULL,'2018-06-04 18:55:36','2018-06-04 18:55:36'),(25,'CHEMIST',NULL,'2018-06-04 18:55:36','2018-06-04 18:55:36'),(26,'CHOREOGRAPHER',NULL,'2018-06-04 18:55:36','2018-06-04 18:55:36'),(27,'CIVIL ENGINEER',NULL,'2018-06-04 18:55:36','2018-06-04 18:55:36'),(28,'CIVIL ENGINEERING TECHNICIAN',NULL,'2018-06-04 18:55:36','2018-06-04 18:55:36'),(29,'COMMISSIONED FIRE OFFICER',NULL,'2018-06-04 18:55:36','2018-06-04 18:55:36'),(30,'COMMISSIONED POLICE OFFICER',NULL,'2018-06-04 18:55:36','2018-06-04 18:55:36'),(31,'COMMODITIES TRADER',NULL,'2018-06-04 18:55:36','2018-06-04 18:55:36'),(32,'COMMUNITY WORKER',NULL,'2018-06-04 18:55:36','2018-06-04 18:55:36'),(33,'COMPANY SECRETARY',NULL,'2018-06-04 18:55:36','2018-06-04 18:55:36'),(34,'COMPOSER',NULL,'2018-06-04 18:55:36','2018-06-04 18:55:36'),(35,'COMPUTER NETWORK AND SYSTEMS ENGINEER',NULL,'2018-06-04 18:55:36','2018-06-04 18:55:36'),(36,'CRAFTS MAN',NULL,'2018-06-04 18:55:36','2018-06-04 18:55:36'),(37,'CURATOR',NULL,'2018-06-04 18:55:36','2018-06-04 18:55:36'),(38,'DATABASE ADMINISTRATOR',NULL,'2018-06-04 18:55:36','2018-06-04 18:55:36'),(39,'DENTIST',NULL,'2018-06-04 18:55:36','2018-06-04 18:55:36'),(40,'DERMATOLOGIST',NULL,'2018-06-04 18:55:36','2018-06-04 18:55:36'),(41,'DIRECTOR (FILM, TELEVISION,PHOTOGRAPHY, RADIO OR STAGE)',NULL,'2018-06-04 18:55:36','2018-06-04 18:55:36'),(42,'DRESSMAKER/TAILOR/FASHION DESIGNER',NULL,'2018-06-04 18:55:37','2018-06-04 18:55:37'),(43,'ECONOMIST',NULL,'2018-06-04 18:55:37','2018-06-04 18:55:37'),(44,'ELECTORATE OFFICER',NULL,'2018-06-04 18:55:37','2018-06-04 18:55:37'),(45,'ELECTRICAL ENGINEER',NULL,'2018-06-04 18:55:37','2018-06-04 18:55:37'),(46,'ELECTRICAL ENGINEERING TECHNICIAN',NULL,'2018-06-04 18:55:37','2018-06-04 18:55:37'),(47,'ENVIRONMENTAL ENGINEER',NULL,'2018-06-04 18:55:37','2018-06-04 18:55:37'),(48,'EVENT ORGANISER/PLANNER',NULL,'2018-06-04 18:55:37','2018-06-04 18:55:37'),(49,'FINANCE PERSONNEL',NULL,'2018-06-04 18:55:37','2018-06-04 18:55:37'),(50,'FISHER MAN',NULL,'2018-06-04 18:55:37','2018-06-04 18:55:37'),(51,'FLORIST',NULL,'2018-06-04 18:55:37','2018-06-04 18:55:37'),(52,'FOOD TECHNOLOGIST',NULL,'2018-06-04 18:55:37','2018-06-04 18:55:37'),(53,'GARDENER',NULL,'2018-06-04 18:55:37','2018-06-04 18:55:37'),(54,'GEOLOGIST',NULL,'2018-06-04 18:55:37','2018-06-04 18:55:37'),(55,'GEOPHYSICIST',NULL,'2018-06-04 18:55:37','2018-06-04 18:55:37'),(56,'GRAPHIC DESIGNER',NULL,'2018-06-04 18:55:37','2018-06-04 18:55:37'),(57,'HAIRDRESSER/BARBER',NULL,'2018-06-04 18:55:37','2018-06-04 18:55:37'),(58,'HARDWARE TECHNICIAN',NULL,'2018-06-04 18:55:37','2018-06-04 18:55:37'),(59,'HANDY MAN',NULL,'2018-06-04 18:55:37','2018-06-04 18:55:37'),(60,'HISTORIAN',NULL,'2018-06-04 18:55:37','2018-06-04 18:55:37'),(61,'HOTEL OR MOTEL WORKER',NULL,'2018-06-04 18:55:37','2018-06-04 18:55:37'),(62,'HUMAN RESOURCE PERSONNEL',NULL,'2018-06-04 18:55:37','2018-06-04 18:55:37'),(63,'ICT PERSONNEL',NULL,'2018-06-04 18:55:38','2018-06-04 18:55:38'),(64,'IMPORTER OR EXPORTER',NULL,'2018-06-04 18:55:38','2018-06-04 18:55:38'),(65,'INSURANCE OFFICER',NULL,'2018-06-04 18:55:38','2018-06-04 18:55:38'),(66,'INTELLIGENCE OFFICER',NULL,'2018-06-04 18:55:38','2018-06-04 18:55:38'),(67,'INTERIOR DESIGNER',NULL,'2018-06-04 18:55:38','2018-06-04 18:55:38'),(68,'JEWELLER',NULL,'2018-06-04 18:55:38','2018-06-04 18:55:38'),(69,'JOCKEY',NULL,'2018-06-04 18:55:38','2018-06-04 18:55:38'),(70,'JOURNALISTS',NULL,'2018-06-04 18:55:39','2018-06-04 18:55:39'),(71,'JUDICIAL / LEGAL PROFESSIONALS',NULL,'2018-06-04 18:55:39','2018-06-04 18:55:39'),(72,'LABORATORY MANAGER',NULL,'2018-06-04 18:55:39','2018-06-04 18:55:39'),(73,'LAWYER',NULL,'2018-06-04 18:55:40','2018-06-04 18:55:40'),(74,'LIAISON OFFICER',NULL,'2018-06-04 18:55:40','2018-06-04 18:55:40'),(75,'LIBRARIAN',NULL,'2018-06-04 18:55:40','2018-06-04 18:55:40'),(76,'LINGUIST',NULL,'2018-06-04 18:55:40','2018-06-04 18:55:40'),(77,'LOCKSMITH',NULL,'2018-06-04 18:55:40','2018-06-04 18:55:40'),(78,'MAKE UP ARTIST',NULL,'2018-06-04 18:55:40','2018-06-04 18:55:40'),(79,'MANAGEMENT PERSONNEL',NULL,'2018-06-04 18:55:40','2018-06-04 18:55:40'),(80,'MATHEMATICIAN',NULL,'2018-06-04 18:55:40','2018-06-04 18:55:40'),(81,'MECHANIC',NULL,'2018-06-04 18:55:40','2018-06-04 18:55:40'),(82,'MECHANICAL ENGINEER',NULL,'2018-06-04 18:55:40','2018-06-04 18:55:40'),(83,'MECHANICAL ENGINEERING TECHNICIAN',NULL,'2018-06-04 18:55:40','2018-06-04 18:55:40'),(84,'MEDIA PRODUCER ( GENERAL)',NULL,'2018-06-04 18:55:40','2018-06-04 18:55:40'),(85,'MEDICAL PRACTITIONER',NULL,'2018-06-04 18:55:40','2018-06-04 18:55:40'),(86,'METALLURGIST',NULL,'2018-06-04 18:55:40','2018-06-04 18:55:40'),(87,'MICROBIOLOGIST',NULL,'2018-06-04 18:55:40','2018-06-04 18:55:40'),(88,'MIDWIFE',NULL,'2018-06-04 18:55:40','2018-06-04 18:55:40'),(89,'MUSICIAN',NULL,'2018-06-04 18:55:41','2018-06-04 18:55:41'),(90,'NETWORK ADMINISTRATOR/ANALYST',NULL,'2018-06-04 18:55:41','2018-06-04 18:55:41'),(91,'NURSE',NULL,'2018-06-04 18:55:41','2018-06-04 18:55:41'),(92,'OPTOMETRIST',NULL,'2018-06-04 18:55:41','2018-06-04 18:55:41'),(93,'PAEDIATRICIAN',NULL,'2018-06-04 18:55:41','2018-06-04 18:55:41'),(94,'PAINTER (GENERAL)',NULL,'2018-06-04 18:55:41','2018-06-04 18:55:41'),(95,'PETROLEUM ENGINEER',NULL,'2018-06-04 18:55:41','2018-06-04 18:55:41'),(96,'PHOTOGRAPHER',NULL,'2018-06-04 18:55:41','2018-06-04 18:55:41'),(97,'PILOT',NULL,'2018-06-04 18:55:41','2018-06-04 18:55:41'),(98,'PHYSICIST',NULL,'2018-06-04 18:55:41','2018-06-04 18:55:41'),(99,'PHYSIOTHERAPIST',NULL,'2018-06-04 18:55:42','2018-06-04 18:55:42'),(100,'COMMISSIONED DEFENCE FORCE OFFICER',NULL,'2018-06-04 18:55:42','2018-06-04 18:55:42'),(101,'PLUMBER (GENERAL)',NULL,'2018-06-04 18:55:42','2018-06-04 18:55:42'),(102,'PROGRAM OR PROJECT ADMINISTRATOR',NULL,'2018-06-04 18:55:42','2018-06-04 18:55:42'),(103,'PSYCHIATRIST',NULL,'2018-06-04 18:55:42','2018-06-04 18:55:42'),(104,'PSYCHOLOGISTS',NULL,'2018-06-04 18:55:42','2018-06-04 18:55:42'),(105,'QUARANTINE OFFICER',NULL,'2018-06-04 18:55:42','2018-06-04 18:55:42'),(106,'REAL ESTATE OFFICER',NULL,'2018-06-04 18:55:42','2018-06-04 18:55:42'),(107,'SAFETY OFFICER/PERSONNEL',NULL,'2018-06-04 18:55:42','2018-06-04 18:55:42'),(108,'SALES REPRESENTATIVE',NULL,'2018-06-04 18:55:42','2018-06-04 18:55:42'),(109,'SCULPTOR',NULL,'2018-06-04 18:55:42','2018-06-04 18:55:42'),(110,'SHOEMAKER',NULL,'2018-06-04 18:55:42','2018-06-04 18:55:42'),(111,'SOCIAL WORKER',NULL,'2018-06-04 18:55:42','2018-06-04 18:55:42'),(112,'SOFTWARE AND APPLICATIONS PROGRAMMERS',NULL,'2018-06-04 18:55:42','2018-06-04 18:55:42'),(113,'SOFTWARE ENGINEER',NULL,'2018-06-04 18:55:43','2018-06-04 18:55:43'),(114,'SURGEON (GENERAL)',NULL,'2018-06-04 18:55:43','2018-06-04 18:55:43'),(115,'SURVEYOR / LANDSCAPER',NULL,'2018-06-04 18:55:43','2018-06-04 18:55:43'),(116,'SYSTEMS ANALYST/ADMINISTRATOR',NULL,'2018-06-04 18:55:43','2018-06-04 18:55:43'),(117,'TEACHER / LECTURER / INSTRUCTOR',NULL,'2018-06-04 18:55:43','2018-06-04 18:55:43'),(118,'TECHNICIAN (GENERAL)',NULL,'2018-06-04 18:55:43','2018-06-04 18:55:43'),(119,'URBAN AND REGIONAL PLANNER',NULL,'2018-06-04 18:55:43','2018-06-04 18:55:43'),(120,'VETERINARIAN',NULL,'2018-06-04 18:55:43','2018-06-04 18:55:43'),(121,'VISUAL ARTS AND CRAFTS PROFESSIONALS NEC',NULL,'2018-06-04 18:55:44','2018-06-04 18:55:44'),(122,'WEB DESIGNER',NULL,'2018-06-04 18:55:44','2018-06-04 18:55:44'),(123,'WELDER',NULL,'2018-06-04 18:55:44','2018-06-04 18:55:44'),(124,'ZOOLOGIST',NULL,'2018-06-04 18:55:44','2018-06-04 18:55:44'),(125,'INDIVIDUAL',NULL,'2018-06-04 18:55:44','2018-06-04 18:55:44'),(126,'STUDENT',NULL,'2018-06-04 18:55:44','2018-06-04 18:55:44'),(127,'GOVERNMENT',NULL,'2018-06-04 18:55:44','2018-06-04 18:55:44'),(128,'OPTIONAL/SELECT',NULL,'2018-06-04 18:55:44','2018-06-04 18:55:44'),(129,'CORPORATE',NULL,'2018-06-04 18:55:44','2018-06-04 18:55:44'),(130,'CLERGY',NULL,'2018-06-04 18:55:44','2018-06-04 18:55:44'),(131,'COLLEGE PROFESSOR',NULL,'2018-06-04 18:55:44','2018-06-04 18:55:44'),(132,'CLERICAL',NULL,'2018-06-04 18:55:44','2018-06-04 18:55:44'),(133,'PHYSICIAN',NULL,'2018-06-04 18:55:44','2018-06-04 18:55:44'),(134,'SUPERVISORY',NULL,'2018-06-04 18:55:44','2018-06-04 18:55:44'),(135,'SERVICE',NULL,'2018-06-04 18:55:44','2018-06-04 18:55:44'),(136,'FARM OWNER',NULL,'2018-06-04 18:55:44','2018-06-04 18:55:44'),(137,'SELF-EMPLOYED',NULL,'2018-06-04 18:55:44','2018-06-04 18:55:44'),(138,'UNEMPLOYED',NULL,'2018-06-04 18:55:44','2018-06-04 18:55:44'),(139,'MILITARY',NULL,'2018-06-04 18:55:44','2018-06-04 18:55:44'),(140,'RETIRED',NULL,'2018-06-04 18:55:44','2018-06-04 18:55:44'),(141,'HOMEMAKER',NULL,'2018-06-04 18:55:44','2018-06-04 18:55:44'),(142,'FARM LABORER',NULL,'2018-06-04 18:55:44','2018-06-04 18:55:44'),(143,'LABORER',NULL,'2018-06-04 18:55:44','2018-06-04 18:55:44'),(144,'OPERATOR - TRANSPORT',NULL,'2018-06-04 18:55:44','2018-06-04 18:55:44'),(145,'SELECT',NULL,'2018-06-04 18:55:44','2018-06-04 18:55:44'),(146,'OPERATOR',NULL,'2018-06-04 18:55:44','2018-06-04 18:55:44');

INSERT INTO public.ref_organization_sectors(organization_type_id, type_name, description, created, modified) VALUES (9,'AGRICULTURE','Agriculture ','2017-04-12 16:39:08','2017-04-12 16:39:08'),(10,'FINANCIAL INSTITUTION','Financial Institution','2017-04-12 16:39:08','2017-04-12 16:39:08'),(11,'BUILDING MATERIALS','Building Materials','2017-04-12 16:39:08','2017-04-12 16:39:08'),(12,'CONSTRUCTION','Construction','2017-04-12 16:39:08','2017-04-12 16:39:08'),(13,'HEALTHCARE','HealthCare','2017-04-12 16:39:08','2017-04-12 16:39:08'),(14,'INSURANCE','Insurance','2017-04-12 16:39:08','2017-04-12 16:39:08'),(15,'WATER TRANSPORT','Water Transport','2017-04-12 16:39:08','2017-04-12 16:39:08'),(16,'BUSINESS SERVICES','Business Services','2017-04-12 16:39:08','2017-04-12 16:39:08'),(17,'OIL REFINING','Oil Refining','2017-04-12 16:39:08','2017-04-12 16:39:08'),(18,'REAL ESTATE','Real Estate','2017-04-12 16:39:08','2017-04-12 16:39:08'),(19,'EMERGING MARKET','Emerging Market','2017-04-12 16:39:08','2017-04-12 16:39:08'),(20,'HOTEL AND TOURISM','Hotel and Tourism','2017-04-12 16:39:08','2017-04-12 16:39:08'),(21,'AIR TRANSPORT','Air Transport','2017-04-12 16:39:08','2017-04-12 16:39:08'),(22,'COMMERCIAL ACTIVITIES','Commercial Activities','2017-04-12 16:39:08','2017-04-12 16:39:08'),(23,'MANUFACTURING','Manufacturing','2017-04-12 16:39:08','2017-04-12 16:39:08'),(24,'TELECOMMUNICATIONS','Telecommunications','2017-04-12 16:39:08','2017-04-12 16:39:08'),(25,'ROAD TRANSPORTATION','Road Transportation','2017-04-12 16:39:08','2017-04-12 16:39:08'),(26,'RAIL TRANSPORT AND PIPELINES','Rail Transport and Pipelines','2017-04-12 16:39:08','2017-04-12 16:39:08'),(27,'EDUCATION','Education','2017-04-12 16:39:08','2017-04-12 16:39:08'),(28,'CRUDE PETROLEUM AND NATURAL GAS','Crude Petroleum and Natural Gas','2017-04-12 16:39:08','2017-04-12 16:39:08'),(29,'BROADCASTING','Broadcasting','2017-04-12 16:39:08','2017-04-12 16:39:08'),(30,'MINING AND QUARRING','Mining and Quarring','2017-04-12 16:39:08','2017-04-12 16:39:08'),(31,'METALS ORES','Metals Ores','2017-04-12 16:39:08','2017-04-12 16:39:08'),(32,'POSTAL SERVICES','Postal Services','2017-04-12 16:39:08','2017-04-12 16:39:08'),(33,'WATER PRODUCTION','Water Production','2017-04-12 16:39:08','2017-04-12 16:39:08'),(34,'ELECTRICITY','Electricity','2017-04-12 16:39:08','2017-04-12 16:39:08'),(35,'PUBLIC ADMINISTRATION','Public Administration','2017-04-12 16:39:08','2017-04-12 16:39:08'),(36,'FOREIGN LISTING','Foreign Listing','2017-04-12 16:39:08','2017-04-12 16:39:08'),(37,'TRANSPORT SERVICES','Transport Services','2017-04-12 16:39:08','2017-04-12 16:39:08'),(38,'PRIVATE NON-GOVERNMENT ORGANIZATION','Private Non-Government Organization','2017-04-12 16:39:08','2017-04-12 16:39:08'),(39,'OTHER SERVICES','Other Services','2017-04-12 16:39:08','2017-04-12 16:39:08'),(40,'COAL MINING','Coal Mining','2017-04-12 16:39:08','2017-04-12 16:39:08'),(41,'REAL ESTATE INVESTMENT TRUST','Real Estate Investment Trust','2017-04-12 16:39:08','2017-04-12 16:39:08'),(42,'TECHNOLOGY','Technology','2017-04-12 16:39:08','2017-04-12 16:39:08'),(43,'IMPORT','Import','2017-04-12 16:39:08','2017-04-12 16:39:08'),(44,'PUBLISHING','Publishing','2017-04-12 16:39:08','2017-04-12 16:39:08'),(45,'NON-MANUFACTURING','Non-Manufacturing','2017-04-12 16:39:08','2017-04-12 16:39:08'),(46,'LUC CONSULTANT','LUC CONSULTANT','2017-04-12 16:39:08','2017-04-12 16:39:08'),(47,'AUTOMOBILE','AUTOMOBILE','2017-04-12 16:39:08','2017-04-12 16:39:08');

INSERT INTO public.ref_religions(religion_id, religion_name, created_by, created, modified) VALUES (1,'AFRICAN TRADITIONAL & DIA',NULL,'2018-06-04 18:37:52','2018-06-04 18:37:52'),(2,'BAHA',NULL,'2018-06-04 18:37:52','2018-06-04 18:37:52'),(3,'CAO DAI',NULL,'2018-06-04 18:37:52','2018-06-04 18:37:52'),(4,'CHINESE TRADITIONAL RELIGION',NULL,'2018-06-04 18:39:51','2018-06-04 18:39:51'),(5,'CHRISTIANITY',NULL,'2018-06-04 18:39:51','2018-06-04 18:39:51'),(6,'HINDUISM',NULL,'2018-06-04 18:39:51','2018-06-04 18:39:51'),(7,'ISLAM',NULL,'2018-06-04 18:39:51','2018-06-04 18:39:51'),(8,'JAINISM',NULL,'2018-06-04 18:39:51','2018-06-04 18:39:51'),(9,'JUCHE',NULL,'2018-06-04 18:39:51','2018-06-04 18:39:51'),(10,'JUDAISM',NULL,'2018-06-04 18:39:51','2018-06-04 18:39:51'),(11,'NEO -PAGANISM',NULL,'2018-06-04 18:39:51','2018-06-04 18:39:51'),(12,'PRIMAL- INDIGENOUS',NULL,'2018-06-04 18:39:51','2018-06-04 18:39:51'),(13,'RASTAFARIANISM',NULL,'2018-06-04 18:39:51','2018-06-04 18:39:51'),(14,'SCIENTOLOGY ',NULL,'2018-06-04 18:39:52','2018-06-04 18:39:52'),(15,'SECULAR/NONRELIGIOUS/AGNO',NULL,'2018-06-04 18:39:52','2018-06-04 18:39:52'),(16,'SHINTO',NULL,'2018-06-04 18:39:52','2018-06-04 18:39:52'),(17,'SIKHISM',NULL,'2018-06-04 18:39:52','2018-06-04 18:39:52'),(18,'SPIRITISM ',NULL,'2018-06-04 18:39:52','2018-06-04 18:39:52'),(19,'TENRIKYO',NULL,'2018-06-04 18:39:52','2018-06-04 18:39:52'),(20,'UNITARIAN-UNIVERSALISM',NULL,'2018-06-04 18:39:52','2018-06-04 18:39:52'),(21,'ZOROASTRIANISM',NULL,'2018-06-04 18:39:52','2018-06-04 18:39:52'),(22,'OTHER',NULL,'2018-06-04 18:39:52','2018-06-04 18:39:52');

INSERT INTO public.ref_person_titles(person_title_id, title_name, created_by, created, modified) VALUES (1,'CHIEF','Chief.','2018-06-04 16:45:49','2018-06-04 16:45:49'),(2,'DR.','Dr.','2018-06-04 16:45:49','2018-06-04 16:45:49'),(3,'EXCELLENCY','','2018-06-04 16:45:49','2018-06-04 16:45:49'),(4,'HONOURABLE','Honorable','2018-06-04 16:45:49','2018-06-04 16:45:49'),(5,'JUDGE','','2018-06-04 16:45:49','2018-06-04 16:45:49'),(6,'MISS.','','2018-06-04 16:45:49','2018-06-04 16:45:49'),(7,'MR.','Mr.','2018-06-04 16:45:49','2018-06-04 16:45:49'),(8,'MRS.','Mrs.','2018-06-04 16:45:49','2018-06-04 16:45:49'),(9,'MS.','Ms.','2018-06-04 16:45:49','2018-06-04 16:45:49'),(10,'PROF.','Prof.','2018-06-04 16:45:50','2018-06-04 16:45:50'),(11,'SENATOR','Senator','2018-06-04 16:45:50','2018-06-04 16:45:50'),(12,'BARRISTER','','2018-06-04 16:45:50','2018-06-04 16:45:50'),(13,'ENGR.','Engr.','2018-06-04 16:45:50','2018-06-04 16:45:50'),(14,'ALHAJI','Alhaji','2018-06-04 16:45:50','2018-06-04 16:45:50'),(15,'ALHAJA','Alhaja','2018-06-04 16:45:50','2018-06-04 16:45:50'),(16,'OTUNBA','','2018-06-04 16:45:50','2018-06-04 16:45:50'),(17,'PASTOR','','2018-06-04 16:45:50','2018-06-04 16:45:50'),(18,'REV.','','2018-06-04 16:45:50','2018-06-04 16:45:50'),(19,'MR. & MRS.','','2018-06-04 16:45:50','2018-06-04 16:45:50'),(20,'CHIEF (MRS.)','','2018-06-04 16:45:50','2018-06-04 16:45:50'),(22,'RTD GENERAL','','2018-06-04 16:45:50','2018-06-04 16:45:50'),(23,'PRINCE','','2018-06-04 16:45:50','2018-06-04 16:45:50'),(24,'PRINCESS','','2018-06-04 16:45:50','2018-06-04 16:45:50'),(25,'DR. & MRS.','','2018-06-04 16:45:50','2018-06-04 16:45:50'),(26,'OBA','','2018-06-04 16:45:50','2018-06-04 16:45:50'),(27,'HAJIA','','2018-06-04 16:45:50','2018-06-04 16:45:50'),(28,'HRH.','','2018-06-04 16:45:51','2018-06-04 16:45:51'),(29,'SIR','','2018-06-04 16:45:51','2018-06-04 16:45:51'),(30,'GROUP CAPTAIN','','2018-06-04 16:45:51','2018-06-04 16:45:51'),(31,'JUSTICE','','2018-06-04 16:45:51','2018-06-04 16:45:51'),(32,'ELDER','','2018-06-04 16:45:51','2018-06-04 16:45:51'),(33,'AMBASSADOR','','2018-06-04 16:45:51','2018-06-04 16:45:51'),(34,'ADMIRAL','','2018-06-04 16:45:51','2018-06-04 16:45:51'),(35,'DEACONESS','','2018-06-04 16:45:51','2018-06-04 16:45:51'),(36,'DEACON','','2018-06-04 16:45:51','2018-06-04 16:45:51'),(37,'PROPHET','','2018-06-04 16:45:51','2018-06-04 16:45:51'),(38,'PROPHETESS','','2018-06-04 16:45:51','2018-06-04 16:45:51'),(39,'MADAM','','2018-06-04 16:45:51','2018-06-04 16:45:51'),(40,'MAJOR GENERAL','','2018-06-04 16:45:51','2018-06-04 16:45:51'),(41,'MAJOR GENERAL (RTD)','','2018-06-04 16:45:52','2018-06-04 16:45:52'),(42,'MAJOR','','2018-06-04 16:45:52','2018-06-04 16:45:52'),(43,'MAJOR (RTD)','','2018-06-04 16:45:52','2018-06-04 16:45:52'),(44,'GENERAL','','2018-06-04 16:45:52','2018-06-04 16:45:52'),(45,'GENERAL (RTD)','','2018-06-04 16:45:52','2018-06-04 16:45:52'),(46,'COLONEL','','2018-06-04 16:45:52','2018-06-04 16:45:52'),(47,'COLONEL (RTD)','','2018-06-04 16:45:52','2018-06-04 16:45:52'),(48,'COMMISSIONER','','2018-06-04 16:45:52','2018-06-04 16:45:52'),(49,'AIR COMMODORE','','2018-06-04 16:45:52','2018-06-04 16:45:52'),(50,'COMMODORE','','2018-06-04 16:45:52','2018-06-04 16:45:52'),(51,'CHIEF & MRS.','','2018-06-04 16:45:52','2018-06-04 16:45:52'),(52,'BISHOP','','2018-06-04 16:45:52','2018-06-04 16:45:52'),(53,'COMMANDER','','2018-06-04 16:45:52','2018-06-04 16:45:52'),(54,'RTD.','','2018-06-04 16:45:52','2018-06-04 16:45:52'),(55,'JERUSALEM PILGRIM','J.P','2018-06-04 16:45:49','2018-06-04 16:45:49');

INSERT INTO public.ref_geographical_boundaries(geographical_boundary_id,geographical_boundary_type_id,boundary_parent_id, boundary_name, short_name_code, origin_name, country_calling_code, locale_code,   created, modified) VALUES (512,7,NULL,'AFGHANISTAN',NULL,NULL,NULL,NULL,'2014-02-17 17:43:55','2014-02-17 17:43:55'),(513,7,NULL,'ALBANIA',NULL,NULL,NULL,NULL,'2014-02-17 17:43:55','2014-02-17 17:43:55'),(514,7,NULL,'ALGERIA',NULL,NULL,NULL,NULL,'2014-02-17 17:43:55','2014-02-17 17:43:55'),(515,7,NULL,'ANDORRA',NULL,NULL,NULL,NULL,'2014-02-17 17:43:55','2014-02-17 17:43:55'),(516,7,NULL,'ANGOLA',NULL,NULL,NULL,NULL,'2014-02-17 17:43:55','2014-02-17 17:43:55'),(517,7,NULL,'ARGENTINA',NULL,NULL,NULL,NULL,'2014-02-17 17:43:55','2014-02-17 17:43:55'),(518,7,NULL,'ARMENIA',NULL,NULL,NULL,NULL,'2014-02-17 17:43:55','2014-02-17 17:43:55'),(519,7,NULL,'AUSTRALIA',NULL,NULL,NULL,NULL,'2014-02-17 17:43:55','2014-02-17 17:43:55'),(520,7,NULL,'AUSTRIA',NULL,NULL,NULL,NULL,'2014-02-17 17:43:55','2014-02-17 17:43:55'),(521,7,NULL,'AZERBAIJAN',NULL,NULL,NULL,NULL,'2014-02-17 17:43:55','2014-02-17 17:43:55'),(522,7,NULL,'BAHAMAS',NULL,NULL,NULL,NULL,'2014-02-17 17:43:55','2014-02-17 17:43:55'),(523,7,NULL,'BAHRAIN',NULL,NULL,NULL,NULL,'2014-02-17 17:43:55','2014-02-17 17:43:55'),(524,7,NULL,'BANGLADESH',NULL,NULL,NULL,NULL,'2014-02-17 17:43:55','2014-02-17 17:43:55'),(525,7,NULL,'BARBADOS',NULL,NULL,NULL,NULL,'2014-02-17 17:43:55','2014-02-17 17:43:55'),(526,7,NULL,'BELARUS',NULL,NULL,NULL,NULL,'2014-02-17 17:43:55','2014-02-17 17:43:55'),(527,7,NULL,'BELGIUM',NULL,NULL,NULL,NULL,'2014-02-17 17:43:55','2014-02-17 17:43:55'),(528,7,NULL,'BELIZE',NULL,NULL,NULL,NULL,'2014-02-17 17:43:55','2014-02-17 17:43:55'),(529,7,NULL,'BENIN',NULL,NULL,NULL,NULL,'2014-02-17 17:43:55','2014-02-17 17:43:55'),(530,7,NULL,'BHUTAN',NULL,NULL,NULL,NULL,'2014-02-17 17:43:55','2014-02-17 17:43:55'),(531,7,NULL,'BOLIVIA',NULL,NULL,NULL,NULL,'2014-02-17 17:43:55','2014-02-17 17:43:55'),(532,7,NULL,'BOSNIA-HERZEGOVINA',NULL,NULL,NULL,NULL,'2014-02-17 17:43:55','2014-02-17 17:43:55'),(533,7,NULL,'BOTSWANA',NULL,NULL,NULL,NULL,'2014-02-17 17:43:55','2014-02-17 17:43:55'),(534,7,NULL,'BRAZIL',NULL,NULL,NULL,NULL,'2014-02-17 17:43:55','2014-02-17 17:43:55'),(535,7,NULL,'BRUNEI',NULL,NULL,NULL,NULL,'2014-02-17 17:43:55','2014-02-17 17:43:55'),(536,7,NULL,'BULGARIA',NULL,NULL,NULL,NULL,'2014-02-17 17:43:55','2014-02-17 17:43:55'),(537,7,NULL,'BURKINA',NULL,NULL,NULL,NULL,'2014-02-17 17:43:55','2014-02-17 17:43:55'),(538,7,NULL,'BURMA',NULL,NULL,NULL,NULL,'2014-02-17 17:43:55','2014-02-17 17:43:55'),(539,7,NULL,'BURUNDI',NULL,NULL,NULL,NULL,'2014-02-17 17:43:55','2014-02-17 17:43:55'),(540,7,NULL,'CAMBODIA',NULL,NULL,NULL,NULL,'2014-02-17 17:43:55','2014-02-17 17:43:55'),(541,7,NULL,'CAMEROON',NULL,NULL,NULL,NULL,'2014-02-17 17:43:55','2014-02-17 17:43:55'),(542,7,NULL,'CANADA',NULL,NULL,NULL,NULL,'2014-02-17 17:43:55','2014-02-17 17:43:55'),(543,7,NULL,'CAPE',NULL,NULL,NULL,NULL,'2014-02-17 17:43:55','2014-02-17 17:43:55'),(544,7,NULL,'CHAD',NULL,NULL,NULL,NULL,'2014-02-17 17:43:55','2014-02-17 17:43:55'),(545,7,NULL,'CHILE',NULL,NULL,NULL,NULL,'2014-02-17 17:43:55','2014-02-17 17:43:55'),(546,7,NULL,'CHINA',NULL,NULL,NULL,NULL,'2014-02-17 17:43:55','2014-02-17 17:43:55'),(547,7,NULL,'COLOMBIA',NULL,NULL,NULL,NULL,'2014-02-17 17:43:55','2014-02-17 17:43:55'),(548,7,NULL,'CONGO',NULL,NULL,NULL,NULL,'2014-02-17 17:43:55','2014-02-17 17:43:55'),(549,7,NULL,'COSTA RICA',NULL,NULL,NULL,NULL,'2014-02-17 17:43:55','2014-02-17 17:43:55'),(550,7,NULL,'CROATIA',NULL,NULL,NULL,NULL,'2014-02-17 17:43:55','2014-02-17 17:43:55'),(551,7,NULL,'CUBA',NULL,NULL,NULL,NULL,'2014-02-17 17:43:55','2014-02-17 17:43:55'),(552,7,NULL,'CYPRUS',NULL,NULL,NULL,NULL,'2014-02-17 17:43:55','2014-02-17 17:43:55'),(553,7,NULL,'DENMARK',NULL,NULL,NULL,NULL,'2014-02-17 17:43:55','2014-02-17 17:43:55'),(554,7,NULL,'DJIBOUTI',NULL,NULL,NULL,NULL,'2014-02-17 17:43:55','2014-02-17 17:43:55'),(555,7,NULL,'DOMINICA',NULL,NULL,NULL,NULL,'2014-02-17 17:43:55','2014-02-17 17:43:55'),(556,7,NULL,'DOMINICAN REPUBLIC',NULL,NULL,NULL,NULL,'2014-02-17 17:43:55','2014-02-17 17:43:55'),(557,7,NULL,'ECUADOR',NULL,NULL,NULL,NULL,'2014-02-17 17:43:55','2014-02-17 17:43:55'),(558,7,NULL,'EGYPT',NULL,NULL,NULL,NULL,'2014-02-17 17:43:55','2014-02-17 17:43:55'),(559,7,NULL,'EL SALVADOR',NULL,NULL,NULL,NULL,'2014-02-17 17:43:55','2014-02-17 17:43:55'),(560,7,NULL,'ERITREA',NULL,NULL,NULL,NULL,'2014-02-17 17:43:55','2014-02-17 17:43:55'),(561,7,NULL,'ESTONIA',NULL,NULL,NULL,NULL,'2014-02-17 17:43:55','2014-02-17 17:43:55'),(562,7,NULL,'ETHIOPIA',NULL,NULL,NULL,NULL,'2014-02-17 17:43:55','2014-02-17 17:43:55'),(563,7,NULL,'FIJI ISLANDS',NULL,NULL,NULL,NULL,'2014-02-17 17:43:55','2014-02-17 17:43:55'),(564,7,NULL,'FINLAND',NULL,NULL,NULL,NULL,'2014-02-17 17:43:55','2014-02-17 17:43:55'),(565,7,NULL,'FRANCE',NULL,NULL,NULL,NULL,'2014-02-17 17:43:55','2014-02-17 17:43:55'),(566,7,NULL,'GABON',NULL,NULL,NULL,NULL,'2014-02-17 17:43:55','2014-02-17 17:43:55'),(567,7,NULL,'GAMBIA',NULL,NULL,NULL,NULL,'2014-02-17 17:43:55','2014-02-17 17:43:55'),(568,7,NULL,'GEORGIA',NULL,NULL,NULL,NULL,'2014-02-17 17:43:55','2014-02-17 17:43:55'),(569,7,NULL,'GERMANY',NULL,NULL,NULL,NULL,'2014-02-17 17:43:55','2014-02-17 17:43:55'),(570,7,NULL,'GHANA',NULL,NULL,NULL,NULL,'2014-02-17 17:43:55','2014-02-17 17:43:55'),(571,7,NULL,'GREECE',NULL,NULL,NULL,NULL,'2014-02-17 17:43:55','2014-02-17 17:43:55'),(572,7,NULL,'GRENADA',NULL,NULL,NULL,NULL,'2014-02-17 17:43:55','2014-02-17 17:43:55'),(573,7,NULL,'GUATEMALA',NULL,NULL,NULL,NULL,'2014-02-17 17:43:55','2014-02-17 17:43:55'),(574,7,NULL,'GUINEA',NULL,NULL,NULL,NULL,'2014-02-17 17:43:55','2014-02-17 17:43:55'),(575,7,NULL,'GUYANA',NULL,NULL,NULL,NULL,'2014-02-17 17:43:55','2014-02-17 17:43:55'),(576,7,NULL,'HAITI',NULL,NULL,NULL,NULL,'2014-02-17 17:43:55','2014-02-17 17:43:55'),(577,7,NULL,'HONDURAS',NULL,NULL,NULL,NULL,'2014-02-17 17:43:55','2014-02-17 17:43:55'),(578,7,NULL,'HUNGARY',NULL,NULL,NULL,NULL,'2014-02-17 17:43:55','2014-02-17 17:43:55'),(579,7,NULL,'ICELAND',NULL,NULL,NULL,NULL,'2014-02-17 17:43:55','2014-02-17 17:43:55'),(580,7,NULL,'INDIA',NULL,NULL,NULL,NULL,'2014-02-17 17:43:55','2014-02-17 17:43:55'),(581,7,NULL,'INDONESIA',NULL,NULL,NULL,NULL,'2014-02-17 17:43:55','2014-02-17 17:43:55'),(582,7,NULL,'IRAN',NULL,NULL,NULL,NULL,'2014-02-17 17:43:55','2014-02-17 17:43:55'),(583,7,NULL,'IRAQ',NULL,NULL,NULL,NULL,'2014-02-17 17:43:55','2014-02-17 17:43:55'),(584,7,NULL,'ISRAEL',NULL,NULL,NULL,NULL,'2014-02-17 17:43:55','2014-02-17 17:43:55'),(585,7,NULL,'ITALY',NULL,NULL,NULL,NULL,'2014-02-17 17:43:55','2014-02-17 17:43:55'),(586,7,NULL,'JAMAICA',NULL,NULL,NULL,NULL,'2014-02-17 17:43:55','2014-02-17 17:43:55'),(587,7,NULL,'JAPAN',NULL,NULL,NULL,NULL,'2014-02-17 17:43:55','2014-02-17 17:43:55'),(588,7,NULL,'JORDAN',NULL,NULL,NULL,NULL,'2014-02-17 17:43:55','2014-02-17 17:43:55'),(589,7,NULL,'KAZAKHSTAN',NULL,NULL,NULL,NULL,'2014-02-17 17:43:55','2014-02-17 17:43:55'),(590,7,NULL,'KENYA',NULL,NULL,NULL,NULL,'2014-02-17 17:43:55','2014-02-17 17:43:55'),(591,7,NULL,'KUWAIT',NULL,NULL,NULL,NULL,'2014-02-17 17:43:55','2014-02-17 17:43:55'),(592,7,NULL,'LAOS',NULL,NULL,NULL,NULL,'2014-02-17 17:43:55','2014-02-17 17:43:55'),(593,7,NULL,'LATVIA',NULL,NULL,NULL,NULL,'2014-02-17 17:43:55','2014-02-17 17:43:55'),(594,7,NULL,'LEBANON',NULL,NULL,NULL,NULL,'2014-02-17 17:43:55','2014-02-17 17:43:55'),(595,7,NULL,'LIBERIA',NULL,NULL,NULL,NULL,'2014-02-17 17:43:55','2014-02-17 17:43:55'),(596,7,NULL,'LIBYA',NULL,NULL,NULL,NULL,'2014-02-17 17:43:55','2014-02-17 17:43:55'),(597,7,NULL,'LIECHTENSTEIN',NULL,NULL,NULL,NULL,'2014-02-17 17:43:55','2014-02-17 17:43:55'),(598,7,NULL,'LITHUANIA',NULL,NULL,NULL,NULL,'2014-02-17 17:43:55','2014-02-17 17:43:55'),(599,7,NULL,'LUXEMBOURG',NULL,NULL,NULL,NULL,'2014-02-17 17:43:55','2014-02-17 17:43:55'),(600,7,NULL,'MACEDONIA',NULL,NULL,NULL,NULL,'2014-02-17 17:43:55','2014-02-17 17:43:55'),(601,7,NULL,'MADAGASCAR',NULL,NULL,NULL,NULL,'2014-02-17 17:43:55','2014-02-17 17:43:55'),(602,7,NULL,'MALAWI',NULL,NULL,NULL,NULL,'2014-02-17 17:43:55','2014-02-17 17:43:55'),(603,7,NULL,'MALAYSIA',NULL,NULL,NULL,NULL,'2014-02-17 17:43:55','2014-02-17 17:43:55'),(604,7,NULL,'MALDIVES',NULL,NULL,NULL,NULL,'2014-02-17 17:43:55','2014-02-17 17:43:55'),(605,7,NULL,'MALI',NULL,NULL,NULL,NULL,'2014-02-17 17:43:55','2014-02-17 17:43:55'),(606,7,NULL,'MALTA',NULL,NULL,NULL,NULL,'2014-02-17 17:43:55','2014-02-17 17:43:55'),(607,7,NULL,'MAURITANIA',NULL,NULL,NULL,NULL,'2014-02-17 17:43:55','2014-02-17 17:43:55'),(608,7,NULL,'MAURITIUS',NULL,NULL,NULL,NULL,'2014-02-17 17:43:55','2014-02-17 17:43:55'),(609,7,NULL,'MEXICO',NULL,NULL,NULL,NULL,'2014-02-17 17:43:55','2014-02-17 17:43:55'),(610,7,NULL,'MOLDOVA',NULL,NULL,NULL,NULL,'2014-02-17 17:43:55','2014-02-17 17:43:55'),(611,7,NULL,'MONACO',NULL,NULL,NULL,NULL,'2014-02-17 17:43:55','2014-02-17 17:43:55'),(612,7,NULL,'MONGOLIA',NULL,NULL,NULL,NULL,'2014-02-17 17:43:55','2014-02-17 17:43:55'),(613,7,NULL,'MONTENEGRO',NULL,NULL,NULL,NULL,'2014-02-17 17:43:55','2014-02-17 17:43:55'),(614,7,NULL,'MOROCCO',NULL,NULL,NULL,NULL,'2014-02-17 17:43:55','2014-02-17 17:43:55'),(615,7,NULL,'MOZAMBIQUE',NULL,NULL,NULL,NULL,'2014-02-17 17:43:55','2014-02-17 17:43:55'),(616,7,NULL,'NAMIBIA',NULL,NULL,NULL,NULL,'2014-02-17 17:43:55','2014-02-17 17:43:55'),(617,7,NULL,'NEPAL',NULL,NULL,NULL,NULL,'2014-02-17 17:43:55','2014-02-17 17:43:55'),(618,7,NULL,'NETHERLANDS',NULL,NULL,NULL,NULL,'2014-02-17 17:43:55','2014-02-17 17:43:55'),(619,7,NULL,'NICARAGUA',NULL,NULL,NULL,NULL,'2014-02-17 17:43:55','2014-02-17 17:43:55'),(620,7,NULL,'NIGER',NULL,NULL,NULL,NULL,'2014-02-17 17:43:55','2014-02-17 17:43:55'),(621,7,NULL,'NIGERIA',NULL,NULL,NULL,NULL,'2014-02-17 17:43:55','2014-02-17 17:43:55'),(622,7,NULL,'NORWAY',NULL,NULL,NULL,NULL,'2014-02-17 17:43:55','2014-02-17 17:43:55'),(623,7,NULL,'OMAN',NULL,NULL,NULL,NULL,'2014-02-17 17:43:55','2014-02-17 17:43:55'),(624,7,NULL,'PAKISTAN',NULL,NULL,NULL,NULL,'2014-02-17 17:43:55','2014-02-17 17:43:55'),(625,7,NULL,'PANAMA',NULL,NULL,NULL,NULL,'2014-02-17 17:43:55','2014-02-17 17:43:55'),(626,7,NULL,'PARAGUAY',NULL,NULL,NULL,NULL,'2014-02-17 17:43:55','2014-02-17 17:43:55'),(627,7,NULL,'PERU',NULL,NULL,NULL,NULL,'2014-02-17 17:43:55','2014-02-17 17:43:55'),(628,7,NULL,'POLAND',NULL,NULL,NULL,NULL,'2014-02-17 17:43:55','2014-02-17 17:43:55'),(629,7,NULL,'PORTUGAL',NULL,NULL,NULL,NULL,'2014-02-17 17:43:55','2014-02-17 17:43:55'),(630,7,NULL,'QATAR',NULL,NULL,NULL,NULL,'2014-02-17 17:43:55','2014-02-17 17:43:55'),(631,7,NULL,'ROMANIA',NULL,NULL,NULL,NULL,'2014-02-17 17:43:55','2014-02-17 17:43:55'),(632,7,NULL,'RUSSIA',NULL,NULL,NULL,NULL,'2014-02-17 17:43:55','2014-02-17 17:43:55'),(633,7,NULL,'RWANDA',NULL,NULL,NULL,NULL,'2014-02-17 17:43:55','2014-02-17 17:43:55'),(634,7,NULL,'SCOTLAND',NULL,NULL,NULL,NULL,'2014-02-17 17:43:55','2014-02-17 17:43:55'),(635,7,NULL,'SENEGAL',NULL,NULL,NULL,NULL,'2014-02-17 17:43:55','2014-02-17 17:43:55'),(636,7,NULL,'SERBIA',NULL,NULL,NULL,NULL,'2014-02-17 17:43:55','2014-02-17 17:43:55'),(637,7,NULL,'SINGAPORE',NULL,NULL,NULL,NULL,'2014-02-17 17:43:55','2014-02-17 17:43:55'),(638,7,NULL,'SLOVAKIA',NULL,NULL,NULL,NULL,'2014-02-17 17:43:55','2014-02-17 17:43:55'),(639,7,NULL,'SLOVENIA',NULL,NULL,NULL,NULL,'2014-02-17 17:43:55','2014-02-17 17:43:55'),(640,7,NULL,'SOMALIA',NULL,NULL,NULL,NULL,'2014-02-17 17:43:55','2014-02-17 17:43:55'),(641,7,NULL,'SPAIN',NULL,NULL,NULL,NULL,'2014-02-17 17:43:55','2014-02-17 17:43:55'),(642,7,NULL,'SUDAN',NULL,NULL,NULL,NULL,'2014-02-17 17:43:55','2014-02-17 17:43:55'),(643,7,NULL,'SURINAME',NULL,NULL,NULL,NULL,'2014-02-17 17:43:55','2014-02-17 17:43:55'),(644,7,NULL,'SWAZILAND',NULL,NULL,NULL,NULL,'2014-02-17 17:43:55','2014-02-17 17:43:55'),(645,7,NULL,'SWEDEN',NULL,NULL,NULL,NULL,'2014-02-17 17:43:55','2014-02-17 17:43:55'),(646,7,NULL,'SWITZERLAND',NULL,NULL,NULL,NULL,'2014-02-17 17:43:55','2014-02-17 17:43:55'),(647,7,NULL,'SYRIA',NULL,NULL,NULL,NULL,'2014-02-17 17:43:55','2014-02-17 17:43:55'),(648,7,NULL,'TAIWAN',NULL,NULL,NULL,NULL,'2014-02-17 17:43:55','2014-02-17 17:43:55'),(649,7,NULL,'TAJIKISTAN',NULL,NULL,NULL,NULL,'2014-02-17 17:43:55','2014-02-17 17:43:55'),(650,7,NULL,'TANZANIA',NULL,NULL,NULL,NULL,'2014-02-17 17:43:55','2014-02-17 17:43:55'),(651,7,NULL,'THAILAND',NULL,NULL,NULL,NULL,'2014-02-17 17:43:55','2014-02-17 17:43:55'),(652,7,NULL,'TOGO',NULL,NULL,NULL,NULL,'2014-02-17 17:43:55','2014-02-17 17:43:55'),(653,7,NULL,'TUNISIA',NULL,NULL,NULL,NULL,'2014-02-17 17:43:55','2014-02-17 17:43:55'),(654,7,NULL,'TURKEY',NULL,NULL,NULL,NULL,'2014-02-17 17:43:55','2014-02-17 17:43:55'),(655,7,NULL,'TURKMENISTAN',NULL,NULL,NULL,NULL,'2014-02-17 17:43:55','2014-02-17 17:43:55'),(656,7,NULL,'TUVALI',NULL,NULL,NULL,NULL,'2014-02-17 17:43:55','2014-02-17 17:43:55'),(657,7,NULL,'UKRAINE',NULL,NULL,NULL,NULL,'2014-02-17 17:43:55','2014-02-17 17:43:55'),(658,7,NULL,'UNITED ARAB EMIRATES',NULL,NULL,NULL,NULL,'2014-02-17 17:43:55','2014-02-17 17:43:55'),(659,7,NULL,'UNITED KINGDOM',NULL,NULL,NULL,NULL,'2014-02-17 17:43:55','2014-02-17 17:43:55'),(660,7,NULL,'UNITED STATES',NULL,NULL,NULL,NULL,'2014-02-17 17:43:55','2014-02-17 17:43:55'),(661,7,NULL,'URUGUAY',NULL,NULL,NULL,NULL,'2014-02-17 17:43:55','2014-02-17 17:43:55'),(662,7,NULL,'UZBEKISTAN',NULL,NULL,NULL,NULL,'2014-02-17 17:43:55','2014-02-17 17:43:55'),(663,7,NULL,'VANUATA',NULL,NULL,NULL,NULL,'2014-02-17 17:43:55','2014-02-17 17:43:55'),(664,7,NULL,'VENEZUELA',NULL,NULL,NULL,NULL,'2014-02-17 17:43:55','2014-02-17 17:43:55'),(665,7,NULL,'VIETNAM',NULL,NULL,NULL,NULL,'2014-02-17 17:43:55','2014-02-17 17:43:55'),(666,7,NULL,'WALES',NULL,NULL,NULL,NULL,'2014-02-17 17:43:55','2014-02-17 17:43:55'),(667,7,NULL,'WESTERN',NULL,NULL,NULL,NULL,'2014-02-17 17:43:55','2014-02-17 17:43:55'),(668,7,NULL,'YEMEN',NULL,NULL,NULL,NULL,'2014-02-17 17:43:55','2014-02-17 17:43:55'),(669,7,NULL,'YUGOSLAVIA',NULL,NULL,NULL,NULL,'2014-02-17 17:43:55','2014-02-17 17:43:55'),(670,7,NULL,'ZAIRE',NULL,NULL,NULL,NULL,'2014-02-17 17:43:55','2014-02-17 17:43:55'),(671,7,NULL,'ZAMBIA',NULL,NULL,NULL,NULL,'2014-02-17 17:43:55','2014-02-17 17:43:55'),(672,7,NULL,'ZIMBABWE',NULL,NULL,NULL,NULL,'2014-02-17 17:43:55','2014-02-17 17:43:55'),(673,7,NULL,'SAUDI ARABIA',NULL,NULL,NULL,NULL,'2014-02-17 17:43:55','2014-02-17 17:43:55'),(674,7,NULL,'SIERRA LONE',NULL,NULL,NULL,NULL,'2014-02-17 17:43:55','2014-02-17 17:43:55'),(675,7,NULL,'SOUTH AFRICA',NULL,NULL,NULL,NULL,'2014-02-17 17:43:55','2014-02-17 17:43:55'),(676,7,NULL,'UGANDA',NULL,NULL,NULL,NULL,'2014-02-17 17:43:55','2014-02-17 17:43:55'),(677,6,621,'ABIA',NULL,NULL,NULL,NULL,'2014-02-17 17:43:55','2014-02-17 17:43:55'),(678,6,621,'ABUJA',NULL,NULL,NULL,NULL,'2014-02-17 17:43:55','2014-02-17 17:43:55'),(679,6,621,'ADAMAWA',NULL,NULL,NULL,NULL,'2014-02-17 17:43:55','2014-02-17 17:43:55'),(680,6,621,'AKWA IBOM',NULL,NULL,NULL,NULL,'2014-02-17 17:43:55','2014-02-17 17:43:55'),(681,6,621,'ANAMBRA',NULL,NULL,NULL,NULL,'2014-02-17 17:43:55','2014-02-17 17:43:55'),(682,6,621,'BAUCHI',NULL,NULL,NULL,NULL,'2014-02-17 17:43:55','2014-02-17 17:43:55'),(683,6,621,'BAYELSA',NULL,NULL,NULL,NULL,'2014-02-17 17:43:55','2014-02-17 17:43:55'),(684,6,621,'BENUE',NULL,NULL,NULL,NULL,'2014-02-17 17:43:55','2014-02-17 17:43:55'),(685,6,621,'BORNU',NULL,NULL,NULL,NULL,'2014-02-17 17:43:55','2014-02-17 17:43:55'),(686,6,621,'CROSS RIVER',NULL,NULL,NULL,NULL,'2014-02-17 17:43:55','2014-02-17 17:43:55'),(687,6,621,'DELTA',NULL,NULL,NULL,NULL,'2014-02-17 17:43:55','2014-02-17 17:43:55'),(688,6,621,'EBONYI',NULL,NULL,NULL,NULL,'2014-02-17 17:43:55','2014-02-17 17:43:55'),(689,6,621,'EDO',NULL,NULL,NULL,NULL,'2014-02-17 17:43:55','2014-02-17 17:43:55'),(690,6,621,'EKITI',NULL,NULL,NULL,NULL,'2014-02-17 17:43:55','2014-02-17 17:43:55'),(691,6,621,'ENUGU',NULL,NULL,NULL,NULL,'2014-02-17 17:43:55','2014-02-17 17:43:55'),(692,6,621,'GOMBE',NULL,NULL,NULL,NULL,'2014-02-17 17:43:55','2014-02-17 17:43:55'),(693,6,621,'IMO',NULL,NULL,NULL,NULL,'2014-02-17 17:43:55','2014-02-17 17:43:55'),(694,6,621,'JIGAWA',NULL,NULL,NULL,NULL,'2014-02-17 17:43:55','2014-02-17 17:43:55'),(695,6,621,'KADUNA',NULL,NULL,NULL,NULL,'2014-02-17 17:43:55','2014-02-17 17:43:55'),(696,6,621,'KANO',NULL,NULL,NULL,NULL,'2014-02-17 17:43:55','2014-02-17 17:43:55'),(697,6,621,'KATSINA',NULL,NULL,NULL,NULL,'2014-02-17 17:43:55','2014-02-17 17:43:55'),(698,6,621,'KEBBI',NULL,NULL,NULL,NULL,'2014-02-17 17:43:55','2014-02-17 17:43:55'),(699,6,621,'KOGI',NULL,NULL,NULL,NULL,'2014-02-17 17:43:55','2014-02-17 17:43:55'),(700,6,621,'KWARA',NULL,NULL,NULL,NULL,'2014-02-17 17:43:55','2014-02-17 17:43:55'),(701,6,621,'LAGOS',NULL,NULL,NULL,NULL,'2014-02-17 17:43:55','2014-02-17 17:43:55'),(703,6,621,'NIGER',NULL,NULL,NULL,NULL,'2014-02-17 17:43:55','2014-02-17 17:43:55'),(704,6,621,'OGUN',NULL,NULL,NULL,NULL,'2014-02-17 17:43:55','2014-02-17 17:43:55'),(705,6,621,'ONDO',NULL,NULL,NULL,NULL,'2014-02-17 17:43:55','2014-02-17 17:43:55'),(706,6,621,'OSUN',NULL,NULL,NULL,NULL,'2014-02-17 17:43:55','2014-02-17 17:43:55'),(707,6,621,'OYO',NULL,NULL,NULL,NULL,'2014-02-17 17:43:55','2014-02-17 17:43:55'),(708,6,621,'PLATEAU',NULL,NULL,NULL,NULL,'2014-02-17 17:43:55','2014-02-17 17:43:55'),(709,6,621,'RIVERS',NULL,NULL,NULL,NULL,'2014-02-17 17:43:55','2014-02-17 17:43:55'),(710,6,621,'SOKOTO',NULL,NULL,NULL,NULL,'2014-02-17 17:43:55','2014-02-17 17:43:55'),(711,6,621,'TARABA',NULL,NULL,NULL,NULL,'2014-02-17 17:43:55','2014-02-17 17:43:55'),(712,6,621,'YOBE',NULL,NULL,NULL,NULL,'2014-02-17 17:43:55','2014-02-17 17:43:55'),(713,6,621,'ZAMFARA',NULL,NULL,NULL,NULL,'2014-02-17 17:43:55','2014-02-17 17:43:55'),(714,6,570,'CENTRAL REGION',NULL,NULL,NULL,NULL,'2014-02-17 17:43:55','2014-02-17 17:43:55'),(715,6,570,'GHANA',NULL,NULL,NULL,NULL,'2014-02-17 17:43:55','2014-02-17 17:43:55'),(716,6,570,'ASHANTI REGION',NULL,NULL,NULL,NULL,'2014-02-17 17:43:55','2014-02-17 17:43:55'),(717,6,570,'BRONG AHAFO REGION',NULL,NULL,NULL,NULL,'2014-02-17 17:43:55','2014-02-17 17:43:55'),(718,6,570,'GREATER ACCRA REGION',NULL,NULL,NULL,NULL,'2014-02-17 17:43:55','2014-02-17 17:43:55'),(719,6,570,'NORTHERN REGION',NULL,NULL,NULL,NULL,'2014-02-17 17:43:55','2014-02-17 17:43:55'),(720,6,570,'UPPER EAST REGION',NULL,NULL,NULL,NULL,'2014-02-17 17:43:55','2014-02-17 17:43:55'),(721,6,570,'VOLTA REGION',NULL,NULL,NULL,NULL,'2014-02-17 17:43:55','2014-02-17 17:43:55'),(722,6,570,'EASTERN REGION',NULL,NULL,NULL,NULL,'2014-02-17 17:43:55','2014-02-17 17:43:55'),(723,6,570,'UPPER WEST REGION',NULL,NULL,NULL,NULL,'2014-02-17 17:43:55','2014-02-17 17:43:55'),(724,6,570,'WESTERN REGION',NULL,NULL,NULL,NULL,'2014-02-17 17:43:55','2014-02-17 17:43:55'),(725,6,660,'ALABAMA',NULL,NULL,NULL,NULL,'2014-02-17 17:43:55','2014-02-17 17:43:55'),(726,6,660,'ALASKA',NULL,NULL,NULL,NULL,'2014-02-17 17:43:55','2014-02-17 17:43:55'),(727,6,660,'AMERICAN SAMOA',NULL,NULL,NULL,NULL,'2014-02-17 17:43:55','2014-02-17 17:43:55'),(728,6,660,'ARIZONA',NULL,NULL,NULL,NULL,'2014-02-17 17:43:55','2014-02-17 17:43:55'),(729,6,660,'ARKANSAS',NULL,NULL,NULL,NULL,'2014-02-17 17:43:55','2014-02-17 17:43:55'),(730,6,660,'CALIFORNIA',NULL,NULL,NULL,NULL,'2014-02-17 17:43:55','2014-02-17 17:43:55'),(731,6,660,'COLORADO',NULL,NULL,NULL,NULL,'2014-02-17 17:43:55','2014-02-17 17:43:55'),(732,6,660,'CONNECTICUT',NULL,NULL,NULL,NULL,'2014-02-17 17:43:55','2014-02-17 17:43:55'),(733,6,660,'DELAWARE',NULL,NULL,NULL,NULL,'2014-02-17 17:43:55','2014-02-17 17:43:55'),(734,6,660,'DISTRICT OF COLUMBIA',NULL,NULL,NULL,NULL,'2014-02-17 17:43:55','2014-02-17 17:43:55'),(735,6,660,'FLORIDA',NULL,NULL,NULL,NULL,'2014-02-17 17:43:55','2014-02-17 17:43:55'),(736,6,660,'GEORGIA',NULL,NULL,NULL,NULL,'2014-02-17 17:43:55','2014-02-17 17:43:55'),(737,6,660,'GUAM',NULL,NULL,NULL,NULL,'2014-02-17 17:43:55','2014-02-17 17:43:55'),(738,6,660,'HAWAII',NULL,NULL,NULL,NULL,'2014-02-17 17:43:55','2014-02-17 17:43:55'),(739,6,660,'IDAHO',NULL,NULL,NULL,NULL,'2014-02-17 17:43:55','2014-02-17 17:43:55'),(740,6,660,'ILLINOIS',NULL,NULL,NULL,NULL,'2014-02-17 17:43:55','2014-02-17 17:43:55'),(741,6,660,'INDIANA',NULL,NULL,NULL,NULL,'2014-02-17 17:43:55','2014-02-17 17:43:55'),(742,6,660,'IOWA',NULL,NULL,NULL,NULL,'2014-02-17 17:43:55','2014-02-17 17:43:55'),(743,6,660,'KANSAS',NULL,NULL,NULL,NULL,'2014-02-17 17:43:55','2014-02-17 17:43:55'),(744,6,660,'KENTUCKY',NULL,NULL,NULL,NULL,'2014-02-17 17:43:55','2014-02-17 17:43:55'),(745,6,660,'LOUISIANA',NULL,NULL,NULL,NULL,'2014-02-17 17:43:55','2014-02-17 17:43:55'),(746,6,660,'MAINE',NULL,NULL,NULL,NULL,'2014-02-17 17:43:55','2014-02-17 17:43:55'),(747,6,660,'MARYLAND',NULL,NULL,NULL,NULL,'2014-02-17 17:43:55','2014-02-17 17:43:55'),(748,6,660,'MASSACHUSETTS',NULL,NULL,NULL,NULL,'2014-02-17 17:43:55','2014-02-17 17:43:55'),(749,6,660,'MICHIGAN',NULL,NULL,NULL,NULL,'2014-02-17 17:43:55','2014-02-17 17:43:55'),(750,6,660,'MINNESOTA',NULL,NULL,NULL,NULL,'2014-02-17 17:43:55','2014-02-17 17:43:55'),(751,6,660,'MISSISSIPPI',NULL,NULL,NULL,NULL,'2014-02-17 17:43:55','2014-02-17 17:43:55'),(752,6,660,'MISSOURI',NULL,NULL,NULL,NULL,'2014-02-17 17:43:55','2014-02-17 17:43:55'),(753,6,660,'MONTANA',NULL,NULL,NULL,NULL,'2014-02-17 17:43:55','2014-02-17 17:43:55'),(754,6,660,'NEBRASKA',NULL,NULL,NULL,NULL,'2014-02-17 17:43:55','2014-02-17 17:43:55'),(755,6,660,'NEVADA',NULL,NULL,NULL,NULL,'2014-02-17 17:43:55','2014-02-17 17:43:55'),(756,6,660,'NEW HAMPSHIRE',NULL,NULL,NULL,NULL,'2014-02-17 17:43:55','2014-02-17 17:43:55'),(757,6,660,'NEW JERSEY',NULL,NULL,NULL,NULL,'2014-02-17 17:43:55','2014-02-17 17:43:55'),(758,6,660,'NEW MEXICO',NULL,NULL,NULL,NULL,'2014-02-17 17:43:55','2014-02-17 17:43:55'),(759,6,660,'NEW YORK',NULL,NULL,NULL,NULL,'2014-02-17 17:43:55','2014-02-17 17:43:55'),(760,6,660,'NORTH CAROLINA',NULL,NULL,NULL,NULL,'2014-02-17 17:43:55','2014-02-17 17:43:55'),(761,6,660,'NORTH DAKOTA',NULL,NULL,NULL,NULL,'2014-02-17 17:43:55','2014-02-17 17:43:55'),(762,6,660,'NORTHERN MARIANAS ISLANDS',NULL,NULL,NULL,NULL,'2014-02-17 17:43:55','2014-02-17 17:43:55'),(763,6,660,'OHIO',NULL,NULL,NULL,NULL,'2014-02-17 17:43:55','2014-02-17 17:43:55'),(764,6,660,'OKLAHOMA',NULL,NULL,NULL,NULL,'2014-02-17 17:43:55','2014-02-17 17:43:55'),(765,6,660,'OREGON',NULL,NULL,NULL,NULL,'2014-02-17 17:43:55','2014-02-17 17:43:55'),(766,6,660,'PENNSYLVANIA',NULL,NULL,NULL,NULL,'2014-02-17 17:43:55','2014-02-17 17:43:55'),(767,6,660,'PUERTO RICO',NULL,NULL,NULL,NULL,'2014-02-17 17:43:55','2014-02-17 17:43:55'),(768,6,660,'RHODE ISLAND',NULL,NULL,NULL,NULL,'2014-02-17 17:43:55','2014-02-17 17:43:55'),(769,6,660,'SOUTH CAROLINA',NULL,NULL,NULL,NULL,'2014-02-17 17:43:55','2014-02-17 17:43:55'),(770,6,660,'SOUTH DAKOTA',NULL,NULL,NULL,NULL,'2014-02-17 17:43:55','2014-02-17 17:43:55'),(771,6,660,'TENNESSEE',NULL,NULL,NULL,NULL,'2014-02-17 17:43:55','2014-02-17 17:43:55'),(772,6,660,'TEXAS',NULL,NULL,NULL,NULL,'2014-02-17 17:43:55','2014-02-17 17:43:55'),(773,6,660,'UTAH',NULL,NULL,NULL,NULL,'2014-02-17 17:43:55','2014-02-17 17:43:55'),(774,6,660,'VERMONT',NULL,NULL,NULL,NULL,'2014-02-17 17:43:55','2014-02-17 17:43:55'),(775,6,660,'VIRGINIA',NULL,NULL,NULL,NULL,'2014-02-17 17:43:55','2014-02-17 17:43:55'),(776,6,660,'VIRGIN ISLANDS',NULL,NULL,NULL,NULL,'2014-02-17 17:43:55','2014-02-17 17:43:55'),(777,6,660,'WASHINGTON',NULL,NULL,NULL,NULL,'2014-02-17 17:43:55','2014-02-17 17:43:55'),(778,6,660,'WEST VIRGINIA',NULL,NULL,NULL,NULL,'2014-02-17 17:43:55','2014-02-17 17:43:55'),(779,6,660,'WISCONSIN',NULL,NULL,NULL,NULL,'2014-02-17 17:43:55','2014-02-17 17:43:55'),(780,6,660,'WYOMING',NULL,NULL,NULL,NULL,'2014-02-17 17:43:55','2014-02-17 17:43:55'),(781,6,NULL,'KENT',NULL,NULL,NULL,NULL,'2014-02-17 17:43:55','2014-02-17 17:43:55'),(782,6,NULL,'LONDON',NULL,NULL,NULL,NULL,'2014-02-17 17:43:55','2014-02-17 17:43:55'),(783,6,NULL,'BARCELONA',NULL,NULL,NULL,NULL,'2014-02-17 17:43:55','2014-02-17 17:43:55'),(784,6,NULL,'DUBAI',NULL,NULL,NULL,NULL,'2014-02-17 17:43:55','2014-02-17 17:43:55'),(785,6,NULL,'CRAIGHALL',NULL,NULL,NULL,NULL,'2014-02-17 17:43:55','2014-02-17 17:43:55'),(786,6,NULL,'PORT ELIZABETH',NULL,NULL,NULL,NULL,'2014-02-17 17:43:55','2014-02-17 17:43:55'),(1173,6,621,'NASARAWA',NULL,NULL,NULL,NULL,'2014-02-17 17:43:55','2014-02-17 17:43:55'),(1542,2,677,'ABA NORTH',NULL,NULL,NULL,NULL,'2018-06-22 12:39:29','2018-06-22 12:39:29'),(1543,2,677,'ABA SOUTH',NULL,NULL,NULL,NULL,'2018-06-22 12:39:29','2018-06-22 12:39:29'),(1544,2,677,'AROCHUKWU',NULL,NULL,NULL,NULL,'2018-06-22 12:39:29','2018-06-22 12:39:29'),(1545,2,677,'BENDE',NULL,NULL,NULL,NULL,'2018-06-22 12:39:29','2018-06-22 12:39:29'),(1546,2,677,'IKWUANO',NULL,NULL,NULL,NULL,'2018-06-22 12:39:30','2018-06-22 12:39:30'),(1547,2,677,'ISIALA NGWA NORTH',NULL,NULL,NULL,NULL,'2018-06-22 12:39:30','2018-06-22 12:39:30'),(1548,2,677,'ISIALA NGWA SOUTH',NULL,NULL,NULL,NULL,'2018-06-22 12:39:30','2018-06-22 12:39:30'),(1549,2,677,'ISUIKWUATO',NULL,NULL,NULL,NULL,'2018-06-22 12:39:30','2018-06-22 12:39:30'),(1550,2,677,'OBI NGWA',NULL,NULL,NULL,NULL,'2018-06-22 12:39:30','2018-06-22 12:39:30'),(1551,2,677,'OHAFIA',NULL,NULL,NULL,NULL,'2018-06-22 12:39:30','2018-06-22 12:39:30'),(1552,2,677,'OSISIOMA',NULL,NULL,NULL,NULL,'2018-06-22 12:39:30','2018-06-22 12:39:30'),(1553,2,677,'UGWUNAGBO',NULL,NULL,NULL,NULL,'2018-06-22 12:39:30','2018-06-22 12:39:30'),(1554,2,677,'UKWA EAST',NULL,NULL,NULL,NULL,'2018-06-22 12:39:30','2018-06-22 12:39:30'),(1555,2,677,'UKWA WEST',NULL,NULL,NULL,NULL,'2018-06-22 12:39:30','2018-06-22 12:39:30'),(1556,2,677,'UMUAHIA NORTH',NULL,NULL,NULL,NULL,'2018-06-22 12:39:30','2018-06-22 12:39:30'),(1557,2,677,'UMUAHIA SOUTH',NULL,NULL,NULL,NULL,'2018-06-22 12:39:30','2018-06-22 12:39:30'),(1558,2,677,'UMU NNEOCHI',NULL,NULL,NULL,NULL,'2018-06-22 12:39:30','2018-06-22 12:39:30'),(1559,2,677,'OBI NGWA',NULL,NULL,NULL,NULL,'2018-06-22 12:39:30','2018-06-22 12:39:30'),(1560,2,679,'DEMSA',NULL,NULL,NULL,NULL,'2018-06-22 12:39:30','2018-06-22 12:39:30'),(1561,2,679,'FUFURE',NULL,NULL,NULL,NULL,'2018-06-22 12:39:30','2018-06-22 12:39:30'),(1562,2,679,'GANYE',NULL,NULL,NULL,NULL,'2018-06-22 12:39:30','2018-06-22 12:39:30'),(1563,2,679,'GAYUK',NULL,NULL,NULL,NULL,'2018-06-22 12:39:30','2018-06-22 12:39:30'),(1564,2,679,'GOMBI',NULL,NULL,NULL,NULL,'2018-06-22 12:39:30','2018-06-22 12:39:30'),(1565,2,679,'GRIE',NULL,NULL,NULL,NULL,'2018-06-22 12:39:31','2018-06-22 12:39:31'),(1566,2,679,'HONG',NULL,NULL,NULL,NULL,'2018-06-22 12:39:31','2018-06-22 12:39:31'),(1567,2,679,'JADA',NULL,NULL,NULL,NULL,'2018-06-22 12:39:31','2018-06-22 12:39:31'),(1568,2,679,'LAMURDE',NULL,NULL,NULL,NULL,'2018-06-22 12:39:31','2018-06-22 12:39:31'),(1569,2,679,'MADAGALI',NULL,NULL,NULL,NULL,'2018-06-22 12:39:31','2018-06-22 12:39:31'),(1570,2,679,'MAIHA',NULL,NULL,NULL,NULL,'2018-06-22 12:39:31','2018-06-22 12:39:31'),(1571,2,679,'MAYO BELWA',NULL,NULL,NULL,NULL,'2018-06-22 12:39:31','2018-06-22 12:39:31'),(1572,2,679,'MICHIKA',NULL,NULL,NULL,NULL,'2018-06-22 12:39:32','2018-06-22 12:39:32'),(1573,2,679,'MUBI NORTH',NULL,NULL,NULL,NULL,'2018-06-22 12:39:32','2018-06-22 12:39:32'),(1574,2,679,'MUBI SOUTH',NULL,NULL,NULL,NULL,'2018-06-22 12:39:32','2018-06-22 12:39:32'),(1575,2,679,'NUMAN',NULL,NULL,NULL,NULL,'2018-06-22 12:39:32','2018-06-22 12:39:32'),(1576,2,679,'SHELLENG',NULL,NULL,NULL,NULL,'2018-06-22 12:39:32','2018-06-22 12:39:32'),(1577,2,679,'SONG',NULL,NULL,NULL,NULL,'2018-06-22 12:39:32','2018-06-22 12:39:32'),(1578,2,679,'TOUNGO',NULL,NULL,NULL,NULL,'2018-06-22 12:39:32','2018-06-22 12:39:32'),(1579,2,679,'YOLA NORTH',NULL,NULL,NULL,NULL,'2018-06-22 12:39:32','2018-06-22 12:39:32'),(1580,2,679,'YOLA SOUTH',NULL,NULL,NULL,NULL,'2018-06-22 12:39:32','2018-06-22 12:39:32'),(1581,2,680,'ABAK',NULL,NULL,NULL,NULL,'2018-06-22 12:39:32','2018-06-22 12:39:32'),(1582,2,680,'EASTERN OBOLO',NULL,NULL,NULL,NULL,'2018-06-22 12:39:32','2018-06-22 12:39:32'),(1583,2,680,'EKET',NULL,NULL,NULL,NULL,'2018-06-22 12:39:33','2018-06-22 12:39:33'),(1584,2,680,'ESIT EKET',NULL,NULL,NULL,NULL,'2018-06-22 12:39:33','2018-06-22 12:39:33'),(1585,2,680,'ESSIEN UDIM',NULL,NULL,NULL,NULL,'2018-06-22 12:39:33','2018-06-22 12:39:33'),(1586,2,680,'ETIM EKPO',NULL,NULL,NULL,NULL,'2018-06-22 12:39:33','2018-06-22 12:39:33'),(1587,2,680,'ETINAN',NULL,NULL,NULL,NULL,'2018-06-22 12:39:33','2018-06-22 12:39:33'),(1588,2,680,'IBENO',NULL,NULL,NULL,NULL,'2018-06-22 12:39:33','2018-06-22 12:39:33'),(1589,2,680,'IBESIKPO ASUTAN',NULL,NULL,NULL,NULL,'2018-06-22 12:39:33','2018-06-22 12:39:33'),(1590,2,680,'IBIONO-IBOM',NULL,NULL,NULL,NULL,'2018-06-22 12:39:33','2018-06-22 12:39:33'),(1591,2,680,'IKA',NULL,NULL,NULL,NULL,'2018-06-22 12:39:33','2018-06-22 12:39:33'),(1592,2,680,'IKONO',NULL,NULL,NULL,NULL,'2018-06-22 12:39:34','2018-06-22 12:39:34'),(1593,2,680,'IKOT ABASI',NULL,NULL,NULL,NULL,'2018-06-22 12:39:34','2018-06-22 12:39:34'),(1594,2,680,'IKOT EKPENE',NULL,NULL,NULL,NULL,'2018-06-22 12:39:34','2018-06-22 12:39:34'),(1595,2,680,'INI',NULL,NULL,NULL,NULL,'2018-06-22 12:39:34','2018-06-22 12:39:34'),(1596,2,680,'ITU',NULL,NULL,NULL,NULL,'2018-06-22 12:39:34','2018-06-22 12:39:34'),(1597,2,680,'MBO',NULL,NULL,NULL,NULL,'2018-06-22 12:39:34','2018-06-22 12:39:34'),(1598,2,680,'MKPAT-ENIN',NULL,NULL,NULL,NULL,'2018-06-22 12:39:34','2018-06-22 12:39:34'),(1599,2,680,'NSIT-ATAI',NULL,NULL,NULL,NULL,'2018-06-22 12:39:35','2018-06-22 12:39:35'),(1600,2,680,'NSIT-IBOM',NULL,NULL,NULL,NULL,'2018-06-22 12:39:35','2018-06-22 12:39:35'),(1601,2,680,'NSIT-UBIUM',NULL,NULL,NULL,NULL,'2018-06-22 12:39:35','2018-06-22 12:39:35'),(1602,2,680,'OBOT AKARA',NULL,NULL,NULL,NULL,'2018-06-22 12:39:35','2018-06-22 12:39:35'),(1603,2,680,'OKOBO',NULL,NULL,NULL,NULL,'2018-06-22 12:39:35','2018-06-22 12:39:35'),(1604,2,680,'ONNA',NULL,NULL,NULL,NULL,'2018-06-22 12:39:35','2018-06-22 12:39:35'),(1605,2,680,'ORON',NULL,NULL,NULL,NULL,'2018-06-22 12:39:35','2018-06-22 12:39:35'),(1606,2,680,'ORUK ANAM',NULL,NULL,NULL,NULL,'2018-06-22 12:39:36','2018-06-22 12:39:36'),(1607,2,680,'UDUNG-UKO',NULL,NULL,NULL,NULL,'2018-06-22 12:39:36','2018-06-22 12:39:36'),(1608,2,680,'UKANAFUN',NULL,NULL,NULL,NULL,'2018-06-22 12:39:36','2018-06-22 12:39:36'),(1609,2,680,'URUAN',NULL,NULL,NULL,NULL,'2018-06-22 12:39:36','2018-06-22 12:39:36'),(1610,2,680,'URUE-OFFONG/ORUKO',NULL,NULL,NULL,NULL,'2018-06-22 12:39:36','2018-06-22 12:39:36'),(1611,2,680,'UYO',NULL,NULL,NULL,NULL,'2018-06-22 12:39:36','2018-06-22 12:39:36'),(1612,2,680,'OBOT AKARA',NULL,NULL,NULL,NULL,'2018-06-22 12:39:36','2018-06-22 12:39:36'),(1613,2,681,'AGUATA',NULL,NULL,NULL,NULL,'2018-06-22 12:39:36','2018-06-22 12:39:36'),(1614,2,681,'ANAMBRA EAST',NULL,NULL,NULL,NULL,'2018-06-22 12:39:36','2018-06-22 12:39:36'),(1615,2,681,'ANAMBRA WEST',NULL,NULL,NULL,NULL,'2018-06-22 12:39:36','2018-06-22 12:39:36'),(1616,2,681,'ANAOCHA',NULL,NULL,NULL,NULL,'2018-06-22 12:39:37','2018-06-22 12:39:37'),(1617,2,681,'AWKA NORTH',NULL,NULL,NULL,NULL,'2018-06-22 12:39:37','2018-06-22 12:39:37'),(1618,2,681,'AWKA SOUTH',NULL,NULL,NULL,NULL,'2018-06-22 12:39:37','2018-06-22 12:39:37'),(1619,2,681,'AYAMELUM',NULL,NULL,NULL,NULL,'2018-06-22 12:39:37','2018-06-22 12:39:37'),(1620,2,681,'DUNUKOFIA',NULL,NULL,NULL,NULL,'2018-06-22 12:39:37','2018-06-22 12:39:37'),(1621,2,681,'EKWUSIGO',NULL,NULL,NULL,NULL,'2018-06-22 12:39:37','2018-06-22 12:39:37'),(1622,2,681,'IDEMILI NORTH',NULL,NULL,NULL,NULL,'2018-06-22 12:39:38','2018-06-22 12:39:38'),(1623,2,681,'IDEMILI SOUTH',NULL,NULL,NULL,NULL,'2018-06-22 12:39:38','2018-06-22 12:39:38'),(1624,2,681,'IHIALA',NULL,NULL,NULL,NULL,'2018-06-22 12:39:38','2018-06-22 12:39:38'),(1625,2,681,'NJIKOKA',NULL,NULL,NULL,NULL,'2018-06-22 12:39:38','2018-06-22 12:39:38'),(1626,2,681,'NNEWI NORTH',NULL,NULL,NULL,NULL,'2018-06-22 12:39:38','2018-06-22 12:39:38'),(1627,2,681,'NNEWI SOUTH',NULL,NULL,NULL,NULL,'2018-06-22 12:39:38','2018-06-22 12:39:38'),(1628,2,681,'OGBARU',NULL,NULL,NULL,NULL,'2018-06-22 12:39:38','2018-06-22 12:39:38'),(1629,2,681,'ONITSHA NORTH',NULL,NULL,NULL,NULL,'2018-06-22 12:39:38','2018-06-22 12:39:38'),(1630,2,681,'ONITSHA SOUTH',NULL,NULL,NULL,NULL,'2018-06-22 12:39:38','2018-06-22 12:39:38'),(1631,2,681,'ORUMBA NORTH',NULL,NULL,NULL,NULL,'2018-06-22 12:39:39','2018-06-22 12:39:39'),(1632,2,681,'ORUMBA SOUTH',NULL,NULL,NULL,NULL,'2018-06-22 12:39:39','2018-06-22 12:39:39'),(1633,2,681,'OYI',NULL,NULL,NULL,NULL,'2018-06-22 12:39:39','2018-06-22 12:39:39'),(1634,2,682,'ALKALERI',NULL,NULL,NULL,NULL,'2018-06-22 12:39:39','2018-06-22 12:39:39'),(1635,2,682,'BAUCHI',NULL,NULL,NULL,NULL,'2018-06-22 12:39:39','2018-06-22 12:39:39'),(1636,2,682,'BOGORO',NULL,NULL,NULL,NULL,'2018-06-22 12:39:39','2018-06-22 12:39:39'),(1637,2,682,'DAMBAN',NULL,NULL,NULL,NULL,'2018-06-22 12:39:40','2018-06-22 12:39:40'),(1638,2,682,'DARAZO',NULL,NULL,NULL,NULL,'2018-06-22 12:39:40','2018-06-22 12:39:40'),(1639,2,682,'DASS',NULL,NULL,NULL,NULL,'2018-06-22 12:39:40','2018-06-22 12:39:40'),(1640,2,682,'GAMAWA',NULL,NULL,NULL,NULL,'2018-06-22 12:39:40','2018-06-22 12:39:40'),(1641,2,682,'GANJUWA',NULL,NULL,NULL,NULL,'2018-06-22 12:39:40','2018-06-22 12:39:40'),(1642,2,682,'GIADE',NULL,NULL,NULL,NULL,'2018-06-22 12:39:40','2018-06-22 12:39:40'),(1643,2,682,'ITAS/GADAU',NULL,NULL,NULL,NULL,'2018-06-22 12:39:41','2018-06-22 12:39:41'),(1644,2,682,'JAMA''ARE',NULL,NULL,NULL,NULL,'2018-06-22 12:39:41','2018-06-22 12:39:41'),(1645,2,682,'KATAGUM',NULL,NULL,NULL,NULL,'2018-06-22 12:39:41','2018-06-22 12:39:41'),(1646,2,682,'KIRFI',NULL,NULL,NULL,NULL,'2018-06-22 12:39:41','2018-06-22 12:39:41'),(1647,2,682,'MISAU',NULL,NULL,NULL,NULL,'2018-06-22 12:39:41','2018-06-22 12:39:41'),(1648,2,682,'NINGI',NULL,NULL,NULL,NULL,'2018-06-22 12:39:41','2018-06-22 12:39:41'),(1649,2,682,'SHIRA',NULL,NULL,NULL,NULL,'2018-06-22 12:39:41','2018-06-22 12:39:41'),(1650,2,682,'TAFAWA BALEWA',NULL,NULL,NULL,NULL,'2018-06-22 12:39:42','2018-06-22 12:39:42'),(1651,2,682,'TORO',NULL,NULL,NULL,NULL,'2018-06-22 12:39:42','2018-06-22 12:39:42'),(1652,2,682,'WARJI',NULL,NULL,NULL,NULL,'2018-06-22 12:39:42','2018-06-22 12:39:42'),(1653,2,682,'ZAKI',NULL,NULL,NULL,NULL,'2018-06-22 12:39:42','2018-06-22 12:39:42'),(1654,2,683,'BRASS',NULL,NULL,NULL,NULL,'2018-06-22 12:39:42','2018-06-22 12:39:42'),(1655,2,683,'EKEREMOR',NULL,NULL,NULL,NULL,'2018-06-22 12:39:43','2018-06-22 12:39:43'),(1656,2,683,'KOLOKUMA/OPOKUMA',NULL,NULL,NULL,NULL,'2018-06-22 12:39:43','2018-06-22 12:39:43'),(1657,2,683,'NEMBE',NULL,NULL,NULL,NULL,'2018-06-22 12:39:43','2018-06-22 12:39:43'),(1658,2,683,'OGBIA',NULL,NULL,NULL,NULL,'2018-06-22 12:39:43','2018-06-22 12:39:43'),(1659,2,683,'SAGBAMA',NULL,NULL,NULL,NULL,'2018-06-22 12:39:43','2018-06-22 12:39:43'),(1660,2,683,'SOUTHERN IJAW',NULL,NULL,NULL,NULL,'2018-06-22 12:39:43','2018-06-22 12:39:43'),(1661,2,683,'YENAGOA',NULL,NULL,NULL,NULL,'2018-06-22 12:39:44','2018-06-22 12:39:44'),(1662,2,684,'AGATU',NULL,NULL,NULL,NULL,'2018-06-22 12:39:44','2018-06-22 12:39:44'),(1663,2,684,'APA',NULL,NULL,NULL,NULL,'2018-06-22 12:39:44','2018-06-22 12:39:44'),(1664,2,684,'ADO',NULL,NULL,NULL,NULL,'2018-06-22 12:39:44','2018-06-22 12:39:44'),(1665,2,684,'BURUKU',NULL,NULL,NULL,NULL,'2018-06-22 12:39:44','2018-06-22 12:39:44'),(1666,2,684,'GBOKO',NULL,NULL,NULL,NULL,'2018-06-22 12:39:44','2018-06-22 12:39:44'),(1667,2,684,'GUMA',NULL,NULL,NULL,NULL,'2018-06-22 12:39:44','2018-06-22 12:39:44'),(1668,2,684,'GWER EAST',NULL,NULL,NULL,NULL,'2018-06-22 12:39:45','2018-06-22 12:39:45'),(1669,2,684,'GWER WEST',NULL,NULL,NULL,NULL,'2018-06-22 12:39:45','2018-06-22 12:39:45'),(1670,2,684,'KATSINA-ALA',NULL,NULL,NULL,NULL,'2018-06-22 12:39:45','2018-06-22 12:39:45'),(1671,2,684,'KONSHISHA',NULL,NULL,NULL,NULL,'2018-06-22 12:39:45','2018-06-22 12:39:45'),(1672,2,684,'KWANDE',NULL,NULL,NULL,NULL,'2018-06-22 12:39:45','2018-06-22 12:39:45'),(1673,2,684,'LOGO',NULL,NULL,NULL,NULL,'2018-06-22 12:39:45','2018-06-22 12:39:45'),(1674,2,684,'MAKURDI',NULL,NULL,NULL,NULL,'2018-06-22 12:39:45','2018-06-22 12:39:45'),(1675,2,684,'OBI',NULL,NULL,NULL,NULL,'2018-06-22 12:39:46','2018-06-22 12:39:46'),(1676,2,684,'OGBADIBO',NULL,NULL,NULL,NULL,'2018-06-22 12:39:46','2018-06-22 12:39:46'),(1677,2,684,'OHIMINI',NULL,NULL,NULL,NULL,'2018-06-22 12:39:46','2018-06-22 12:39:46'),(1678,2,684,'OJU',NULL,NULL,NULL,NULL,'2018-06-22 12:39:46','2018-06-22 12:39:46'),(1679,2,684,'OKPOKWU',NULL,NULL,NULL,NULL,'2018-06-22 12:39:47','2018-06-22 12:39:47'),(1680,2,684,'OTURKPO',NULL,NULL,NULL,NULL,'2018-06-22 12:39:47','2018-06-22 12:39:47'),(1681,2,684,'TARKA',NULL,NULL,NULL,NULL,'2018-06-22 12:39:47','2018-06-22 12:39:47'),(1682,2,684,'UKUM',NULL,NULL,NULL,NULL,'2018-06-22 12:39:47','2018-06-22 12:39:47'),(1683,2,684,'USHONGO',NULL,NULL,NULL,NULL,'2018-06-22 12:39:47','2018-06-22 12:39:47'),(1684,2,684,'VANDEIKYA',NULL,NULL,NULL,NULL,'2018-06-22 12:39:47','2018-06-22 12:39:47'),(1685,2,684,'OBI',NULL,NULL,NULL,NULL,'2018-06-22 12:39:48','2018-06-22 12:39:48'),(1686,2,685,'ABADAM',NULL,NULL,NULL,NULL,'2018-06-22 12:39:48','2018-06-22 12:39:48'),(1687,2,685,'ASKIRA/UBA',NULL,NULL,NULL,NULL,'2018-06-22 12:39:48','2018-06-22 12:39:48'),(1688,2,685,'BAMA',NULL,NULL,NULL,NULL,'2018-06-22 12:39:48','2018-06-22 12:39:48'),(1689,2,685,'BAYO',NULL,NULL,NULL,NULL,'2018-06-22 12:39:48','2018-06-22 12:39:48'),(1690,2,685,'BIU',NULL,NULL,NULL,NULL,'2018-06-22 12:39:48','2018-06-22 12:39:48'),(1691,2,685,'CHIBOK',NULL,NULL,NULL,NULL,'2018-06-22 12:39:48','2018-06-22 12:39:48'),(1692,2,685,'DAMBOA',NULL,NULL,NULL,NULL,'2018-06-22 12:39:48','2018-06-22 12:39:48'),(1693,2,685,'DIKWA',NULL,NULL,NULL,NULL,'2018-06-22 12:39:49','2018-06-22 12:39:49'),(1694,2,685,'GUBIO',NULL,NULL,NULL,NULL,'2018-06-22 12:39:49','2018-06-22 12:39:49'),(1695,2,685,'GUZAMALA',NULL,NULL,NULL,NULL,'2018-06-22 12:39:50','2018-06-22 12:39:50'),(1696,2,685,'GWOZA',NULL,NULL,NULL,NULL,'2018-06-22 12:39:50','2018-06-22 12:39:50'),(1697,2,685,'HAWUL',NULL,NULL,NULL,NULL,'2018-06-22 12:39:51','2018-06-22 12:39:51'),(1698,2,685,'JERE',NULL,NULL,NULL,NULL,'2018-06-22 12:39:51','2018-06-22 12:39:51'),(1699,2,685,'KAGA',NULL,NULL,NULL,NULL,'2018-06-22 12:39:51','2018-06-22 12:39:51'),(1700,2,685,'KALA/BALGE',NULL,NULL,NULL,NULL,'2018-06-22 12:39:51','2018-06-22 12:39:51'),(1701,2,685,'KONDUGA',NULL,NULL,NULL,NULL,'2018-06-22 12:39:51','2018-06-22 12:39:51'),(1702,2,685,'KUKAWA',NULL,NULL,NULL,NULL,'2018-06-22 12:39:51','2018-06-22 12:39:51'),(1703,2,685,'KWAYA KUSAR',NULL,NULL,NULL,NULL,'2018-06-22 12:39:51','2018-06-22 12:39:51'),(1704,2,685,'MAFA',NULL,NULL,NULL,NULL,'2018-06-22 12:39:51','2018-06-22 12:39:51'),(1705,2,685,'MAGUMERI',NULL,NULL,NULL,NULL,'2018-06-22 12:39:52','2018-06-22 12:39:52'),(1706,2,685,'MAIDUGURI',NULL,NULL,NULL,NULL,'2018-06-22 12:39:52','2018-06-22 12:39:52'),(1707,2,685,'MARTE',NULL,NULL,NULL,NULL,'2018-06-22 12:39:52','2018-06-22 12:39:52'),(1708,2,685,'MOBBAR',NULL,NULL,NULL,NULL,'2018-06-22 12:39:52','2018-06-22 12:39:52'),(1709,2,685,'MONGUNO',NULL,NULL,NULL,NULL,'2018-06-22 12:39:52','2018-06-22 12:39:52'),(1710,2,685,'NGALA',NULL,NULL,NULL,NULL,'2018-06-22 12:39:52','2018-06-22 12:39:52'),(1711,2,685,'NGANZAI',NULL,NULL,NULL,NULL,'2018-06-22 12:39:52','2018-06-22 12:39:52'),(1712,2,685,'SHANI',NULL,NULL,NULL,NULL,'2018-06-22 12:39:52','2018-06-22 12:39:52'),(1713,2,686,'ABI',NULL,NULL,NULL,NULL,'2018-06-22 12:39:52','2018-06-22 12:39:52'),(1714,2,686,'AKAMKPA',NULL,NULL,NULL,NULL,'2018-06-22 12:39:52','2018-06-22 12:39:52'),(1715,2,686,'AKPABUYO',NULL,NULL,NULL,NULL,'2018-06-22 12:39:52','2018-06-22 12:39:52'),(1716,2,686,'BAKASSI',NULL,NULL,NULL,NULL,'2018-06-22 12:39:52','2018-06-22 12:39:52'),(1717,2,686,'BEKWARRA',NULL,NULL,NULL,NULL,'2018-06-22 12:39:52','2018-06-22 12:39:52'),(1718,2,686,'BIASE',NULL,NULL,NULL,NULL,'2018-06-22 12:39:52','2018-06-22 12:39:52'),(1719,2,686,'BOKI',NULL,NULL,NULL,NULL,'2018-06-22 12:39:52','2018-06-22 12:39:52'),(1720,2,686,'CALABAR MUNICIPAL',NULL,NULL,NULL,NULL,'2018-06-22 12:39:52','2018-06-22 12:39:52'),(1721,2,686,'CALABAR SOUTH',NULL,NULL,NULL,NULL,'2018-06-22 12:39:52','2018-06-22 12:39:52'),(1722,2,686,'ETUNG',NULL,NULL,NULL,NULL,'2018-06-22 12:39:53','2018-06-22 12:39:53'),(1723,2,686,'IKOM',NULL,NULL,NULL,NULL,'2018-06-22 12:39:53','2018-06-22 12:39:53'),(1724,2,686,'OBANLIKU',NULL,NULL,NULL,NULL,'2018-06-22 12:39:53','2018-06-22 12:39:53'),(1725,2,686,'OBUBRA',NULL,NULL,NULL,NULL,'2018-06-22 12:39:53','2018-06-22 12:39:53'),(1726,2,686,'OBUDU',NULL,NULL,NULL,NULL,'2018-06-22 12:39:53','2018-06-22 12:39:53'),(1727,2,686,'ODUKPANI',NULL,NULL,NULL,NULL,'2018-06-22 12:39:53','2018-06-22 12:39:53'),(1728,2,686,'OGOJA',NULL,NULL,NULL,NULL,'2018-06-22 12:39:53','2018-06-22 12:39:53'),(1729,2,686,'YAKUUR',NULL,NULL,NULL,NULL,'2018-06-22 12:39:53','2018-06-22 12:39:53'),(1730,2,686,'OBUBRA',NULL,NULL,NULL,NULL,'2018-06-22 12:39:53','2018-06-22 12:39:53'),(1731,2,686,'YALA',NULL,NULL,NULL,NULL,'2018-06-22 12:39:53','2018-06-22 12:39:53'),(1732,2,687,'ANIOCHA NORTH',NULL,NULL,NULL,NULL,'2018-06-22 12:39:54','2018-06-22 12:39:54'),(1733,2,687,'ANIOCHA SOUTH',NULL,NULL,NULL,NULL,'2018-06-22 12:39:54','2018-06-22 12:39:54'),(1734,2,687,'BOMADI',NULL,NULL,NULL,NULL,'2018-06-22 12:39:54','2018-06-22 12:39:54'),(1735,2,687,'BURUTU',NULL,NULL,NULL,NULL,'2018-06-22 12:39:55','2018-06-22 12:39:55'),(1736,2,687,'ETHIOPE EAST',NULL,NULL,NULL,NULL,'2018-06-22 12:39:55','2018-06-22 12:39:55'),(1737,2,687,'ETHIOPE WEST',NULL,NULL,NULL,NULL,'2018-06-22 12:39:55','2018-06-22 12:39:55'),(1738,2,687,'IKA NORTH EAST',NULL,NULL,NULL,NULL,'2018-06-22 12:39:55','2018-06-22 12:39:55'),(1739,2,687,'IKA SOUTH',NULL,NULL,NULL,NULL,'2018-06-22 12:39:55','2018-06-22 12:39:55'),(1740,2,687,'ISOKO NORTH',NULL,NULL,NULL,NULL,'2018-06-22 12:39:56','2018-06-22 12:39:56'),(1741,2,687,'ISOKO SOUTH',NULL,NULL,NULL,NULL,'2018-06-22 12:39:56','2018-06-22 12:39:56'),(1742,2,687,'NDOKWA EAST',NULL,NULL,NULL,NULL,'2018-06-22 12:39:56','2018-06-22 12:39:56'),(1743,2,687,'NDOKWA WEST',NULL,NULL,NULL,NULL,'2018-06-22 12:39:56','2018-06-22 12:39:56'),(1744,2,687,'OKPE',NULL,NULL,NULL,NULL,'2018-06-22 12:39:56','2018-06-22 12:39:56'),(1745,2,687,'OSHIMILI NORTH',NULL,NULL,NULL,NULL,'2018-06-22 12:39:56','2018-06-22 12:39:56'),(1746,2,687,'OSHIMILI SOUTH',NULL,NULL,NULL,NULL,'2018-06-22 12:39:57','2018-06-22 12:39:57'),(1747,2,687,'PATANI',NULL,NULL,NULL,NULL,'2018-06-22 12:39:57','2018-06-22 12:39:57'),(1748,2,687,'SAPELE',NULL,NULL,NULL,NULL,'2018-06-22 12:39:57','2018-06-22 12:39:57'),(1749,2,687,'UDU',NULL,NULL,NULL,NULL,'2018-06-22 12:39:57','2018-06-22 12:39:57'),(1750,2,687,'UGHELLI NORTH',NULL,NULL,NULL,NULL,'2018-06-22 12:39:57','2018-06-22 12:39:57'),(1751,2,687,'UGHELLI SOUTH',NULL,NULL,NULL,NULL,'2018-06-22 12:39:57','2018-06-22 12:39:57'),(1752,2,687,'UKWUANI',NULL,NULL,NULL,NULL,'2018-06-22 12:39:57','2018-06-22 12:39:57'),(1753,2,687,'UVWIE',NULL,NULL,NULL,NULL,'2018-06-22 12:39:57','2018-06-22 12:39:57'),(1754,2,687,'WARRI NORTH',NULL,NULL,NULL,NULL,'2018-06-22 12:39:57','2018-06-22 12:39:57'),(1755,2,687,'WARRI SOUTH',NULL,NULL,NULL,NULL,'2018-06-22 12:39:57','2018-06-22 12:39:57'),(1756,2,687,'WARRI SOUTH WEST',NULL,NULL,NULL,NULL,'2018-06-22 12:39:57','2018-06-22 12:39:57'),(1757,2,688,'ABAKALIKI',NULL,NULL,NULL,NULL,'2018-06-22 12:39:58','2018-06-22 12:39:58'),(1758,2,688,'AFIKPO NORTH',NULL,NULL,NULL,NULL,'2018-06-22 12:39:58','2018-06-22 12:39:58'),(1759,2,688,'AFIKPO SOUTH(EDDA)',NULL,NULL,NULL,NULL,'2018-06-22 12:39:58','2018-06-22 12:39:58'),(1760,2,688,'EBONYI',NULL,NULL,NULL,NULL,'2018-06-22 12:39:58','2018-06-22 12:39:58'),(1761,2,688,'EZZA NORTH',NULL,NULL,NULL,NULL,'2018-06-22 12:39:58','2018-06-22 12:39:58'),(1762,2,688,'EZZA SOUTH',NULL,NULL,NULL,NULL,'2018-06-22 12:39:58','2018-06-22 12:39:58'),(1763,2,688,'IKWO',NULL,NULL,NULL,NULL,'2018-06-22 12:39:58','2018-06-22 12:39:58'),(1764,2,688,'ISHIELU',NULL,NULL,NULL,NULL,'2018-06-22 12:39:58','2018-06-22 12:39:58'),(1765,2,688,'IVO',NULL,NULL,NULL,NULL,'2018-06-22 12:39:59','2018-06-22 12:39:59'),(1766,2,688,'IZZI',NULL,NULL,NULL,NULL,'2018-06-22 12:39:59','2018-06-22 12:39:59'),(1767,2,688,'OHAOZARA',NULL,NULL,NULL,NULL,'2018-06-22 12:39:59','2018-06-22 12:39:59'),(1768,2,688,'OHAUKWU',NULL,NULL,NULL,NULL,'2018-06-22 12:39:59','2018-06-22 12:39:59'),(1769,2,688,'ONICHA',NULL,NULL,NULL,NULL,'2018-06-22 12:39:59','2018-06-22 12:39:59'),(1770,2,689,'AKOKO-EDO',NULL,NULL,NULL,NULL,'2018-06-22 12:39:59','2018-06-22 12:39:59'),(1771,2,689,'EGOR',NULL,NULL,NULL,NULL,'2018-06-22 12:39:59','2018-06-22 12:39:59'),(1772,2,689,'ESAN CENTRAL',NULL,NULL,NULL,NULL,'2018-06-22 12:40:00','2018-06-22 12:40:00'),(1773,2,689,'ESAN NORTH-EAST',NULL,NULL,NULL,NULL,'2018-06-22 12:40:00','2018-06-22 12:40:00'),(1774,2,689,'ESAN SOUTH-EAST',NULL,NULL,NULL,NULL,'2018-06-22 12:40:00','2018-06-22 12:40:00'),(1775,2,689,'ESAN WEST',NULL,NULL,NULL,NULL,'2018-06-22 12:40:00','2018-06-22 12:40:00'),(1776,2,689,'ETSAKO CENTRAL',NULL,NULL,NULL,NULL,'2018-06-22 12:40:00','2018-06-22 12:40:00'),(1777,2,689,'ETSAKO EAST',NULL,NULL,NULL,NULL,'2018-06-22 12:40:00','2018-06-22 12:40:00'),(1778,2,689,'ETSAKO WEST',NULL,NULL,NULL,NULL,'2018-06-22 12:40:00','2018-06-22 12:40:00'),(1779,2,689,'IGUEBEN',NULL,NULL,NULL,NULL,'2018-06-22 12:40:00','2018-06-22 12:40:00'),(1780,2,689,'IKPOBA OKHA',NULL,NULL,NULL,NULL,'2018-06-22 12:40:00','2018-06-22 12:40:00'),(1781,2,689,'ORHIONMWON',NULL,NULL,NULL,NULL,'2018-06-22 12:40:00','2018-06-22 12:40:00'),(1782,2,689,'OREDO',NULL,NULL,NULL,NULL,'2018-06-22 12:40:01','2018-06-22 12:40:01'),(1783,2,689,'OVIA NORTH-EAST',NULL,NULL,NULL,NULL,'2018-06-22 12:40:01','2018-06-22 12:40:01'),(1784,2,689,'OVIA SOUTH-WEST',NULL,NULL,NULL,NULL,'2018-06-22 12:40:02','2018-06-22 12:40:02'),(1785,2,689,'OWAN EAST',NULL,NULL,NULL,NULL,'2018-06-22 12:40:02','2018-06-22 12:40:02'),(1786,2,689,'OWAN WEST',NULL,NULL,NULL,NULL,'2018-06-22 12:40:02','2018-06-22 12:40:02'),(1787,2,689,'UHUNMWONDE',NULL,NULL,NULL,NULL,'2018-06-22 12:40:02','2018-06-22 12:40:02'),(1788,2,690,'ADO EKITI',NULL,NULL,NULL,NULL,'2018-06-22 12:40:02','2018-06-22 12:40:02'),(1789,2,690,'EFON',NULL,NULL,NULL,NULL,'2018-06-22 12:40:02','2018-06-22 12:40:02'),(1790,2,690,'EKITI EAST',NULL,NULL,NULL,NULL,'2018-06-22 12:40:02','2018-06-22 12:40:02'),(1791,2,690,'EKITI SOUTH-WEST',NULL,NULL,NULL,NULL,'2018-06-22 12:40:03','2018-06-22 12:40:03'),(1792,2,690,'EKITI WEST',NULL,NULL,NULL,NULL,'2018-06-22 12:40:03','2018-06-22 12:40:03'),(1793,2,690,'EMURE',NULL,NULL,NULL,NULL,'2018-06-22 12:40:03','2018-06-22 12:40:03'),(1794,2,690,'GBONYIN',NULL,NULL,NULL,NULL,'2018-06-22 12:40:03','2018-06-22 12:40:03'),(1795,2,690,'IDO OSI',NULL,NULL,NULL,NULL,'2018-06-22 12:40:03','2018-06-22 12:40:03'),(1796,2,690,'IJERO',NULL,NULL,NULL,NULL,'2018-06-22 12:40:03','2018-06-22 12:40:03'),(1797,2,690,'IKERE',NULL,NULL,NULL,NULL,'2018-06-22 12:40:03','2018-06-22 12:40:03'),(1798,2,690,'IKOLE',NULL,NULL,NULL,NULL,'2018-06-22 12:40:04','2018-06-22 12:40:04'),(1799,2,690,'ILEJEMEJE',NULL,NULL,NULL,NULL,'2018-06-22 12:40:04','2018-06-22 12:40:04'),(1800,2,690,'IREPODUN/IFELODUN',NULL,NULL,NULL,NULL,'2018-06-22 12:40:04','2018-06-22 12:40:04'),(1801,2,690,'ISE/ORUN',NULL,NULL,NULL,NULL,'2018-06-22 12:40:04','2018-06-22 12:40:04'),(1802,2,690,'MOBA',NULL,NULL,NULL,NULL,'2018-06-22 12:40:04','2018-06-22 12:40:04'),(1803,2,690,'OYE',NULL,NULL,NULL,NULL,'2018-06-22 12:40:04','2018-06-22 12:40:04'),(1804,2,691,'ANINRI',NULL,NULL,NULL,NULL,'2018-06-22 12:40:04','2018-06-22 12:40:04'),(1805,2,691,'AWGU',NULL,NULL,NULL,NULL,'2018-06-22 12:40:05','2018-06-22 12:40:05'),(1806,2,691,'ENUGU EAST',NULL,NULL,NULL,NULL,'2018-06-22 12:40:06','2018-06-22 12:40:06'),(1807,2,691,'ENUGU NORTH',NULL,NULL,NULL,NULL,'2018-06-22 12:40:07','2018-06-22 12:40:07'),(1808,2,691,'ENUGU SOUTH',NULL,NULL,NULL,NULL,'2018-06-22 12:40:07','2018-06-22 12:40:07'),(1809,2,691,'EZEAGU',NULL,NULL,NULL,NULL,'2018-06-22 12:40:07','2018-06-22 12:40:07'),(1810,2,691,'IGBO ETITI',NULL,NULL,NULL,NULL,'2018-06-22 12:40:07','2018-06-22 12:40:07'),(1811,2,691,'IGBO EZE NORTH',NULL,NULL,NULL,NULL,'2018-06-22 12:40:07','2018-06-22 12:40:07'),(1812,2,691,'IGBO EZE SOUTH',NULL,NULL,NULL,NULL,'2018-06-22 12:40:08','2018-06-22 12:40:08'),(1813,2,691,'ISI UZO',NULL,NULL,NULL,NULL,'2018-06-22 12:40:08','2018-06-22 12:40:08'),(1814,2,691,'NKANU EAST',NULL,NULL,NULL,NULL,'2018-06-22 12:40:08','2018-06-22 12:40:08'),(1815,2,691,'NKANU WEST',NULL,NULL,NULL,NULL,'2018-06-22 12:40:08','2018-06-22 12:40:08'),(1816,2,691,'NSUKKA',NULL,NULL,NULL,NULL,'2018-06-22 12:40:08','2018-06-22 12:40:08'),(1817,2,691,'OJI RIVER',NULL,NULL,NULL,NULL,'2018-06-22 12:40:08','2018-06-22 12:40:08'),(1818,2,691,'UDENU',NULL,NULL,NULL,NULL,'2018-06-22 12:40:08','2018-06-22 12:40:08'),(1819,2,691,'UDI',NULL,NULL,NULL,NULL,'2018-06-22 12:40:08','2018-06-22 12:40:08'),(1820,2,691,'UZO-UWANI',NULL,NULL,NULL,NULL,'2018-06-22 12:40:08','2018-06-22 12:40:08'),(1821,2,678,'ABAJI',NULL,NULL,NULL,NULL,'2018-06-22 12:40:09','2018-06-22 12:40:09'),(1822,2,678,'BWARI',NULL,NULL,NULL,NULL,'2018-06-22 12:40:09','2018-06-22 12:40:09'),(1823,2,678,'GWAGWALADA',NULL,NULL,NULL,NULL,'2018-06-22 12:40:10','2018-06-22 12:40:10'),(1824,2,678,'KUJE',NULL,NULL,NULL,NULL,'2018-06-22 12:40:11','2018-06-22 12:40:11'),(1825,2,678,'KWALI',NULL,NULL,NULL,NULL,'2018-06-22 12:40:11','2018-06-22 12:40:11'),(1826,2,678,'MUNICIPAL AREA COUNCIL',NULL,NULL,NULL,NULL,'2018-06-22 12:40:11','2018-06-22 12:40:11'),(1827,2,692,'AKKO',NULL,NULL,NULL,NULL,'2018-06-22 12:40:11','2018-06-22 12:40:11'),(1828,2,692,'BALANGA',NULL,NULL,NULL,NULL,'2018-06-22 12:40:12','2018-06-22 12:40:12'),(1829,2,692,'BILLIRI',NULL,NULL,NULL,NULL,'2018-06-22 12:40:12','2018-06-22 12:40:12'),(1830,2,692,'DUKKU',NULL,NULL,NULL,NULL,'2018-06-22 12:40:12','2018-06-22 12:40:12'),(1831,2,692,'FUNAKAYE',NULL,NULL,NULL,NULL,'2018-06-22 12:40:12','2018-06-22 12:40:12'),(1832,2,692,'GOMBE',NULL,NULL,NULL,NULL,'2018-06-22 12:40:12','2018-06-22 12:40:12'),(1833,2,692,'KALTUNGO',NULL,NULL,NULL,NULL,'2018-06-22 12:40:12','2018-06-22 12:40:12'),(1834,2,692,'KWAMI',NULL,NULL,NULL,NULL,'2018-06-22 12:40:12','2018-06-22 12:40:12'),(1835,2,692,'NAFADA',NULL,NULL,NULL,NULL,'2018-06-22 12:40:12','2018-06-22 12:40:12'),(1836,2,692,'SHONGOM',NULL,NULL,NULL,NULL,'2018-06-22 12:40:12','2018-06-22 12:40:12'),(1837,2,692,'YAMALTU/DEBA',NULL,NULL,NULL,NULL,'2018-06-22 12:40:12','2018-06-22 12:40:12'),(1838,2,693,'ABOH MBAISE',NULL,NULL,NULL,NULL,'2018-06-22 12:40:12','2018-06-22 12:40:12'),(1839,2,693,'AHIAZU MBAISE',NULL,NULL,NULL,NULL,'2018-06-22 12:40:12','2018-06-22 12:40:12'),(1840,2,693,'EHIME MBANO',NULL,NULL,NULL,NULL,'2018-06-22 12:40:12','2018-06-22 12:40:12'),(1841,2,693,'EZINIHITTE',NULL,NULL,NULL,NULL,'2018-06-22 12:40:12','2018-06-22 12:40:12'),(1842,2,693,'IDEATO NORTH',NULL,NULL,NULL,NULL,'2018-06-22 12:40:12','2018-06-22 12:40:12'),(1843,2,693,'IDEATO SOUTH',NULL,NULL,NULL,NULL,'2018-06-22 12:40:12','2018-06-22 12:40:12'),(1844,2,693,'IHITTE/UBOMA',NULL,NULL,NULL,NULL,'2018-06-22 12:40:13','2018-06-22 12:40:13'),(1845,2,693,'IKEDURU',NULL,NULL,NULL,NULL,'2018-06-22 12:40:13','2018-06-22 12:40:13'),(1846,2,693,'ISIALA MBANO',NULL,NULL,NULL,NULL,'2018-06-22 12:40:13','2018-06-22 12:40:13'),(1847,2,693,'ISU',NULL,NULL,NULL,NULL,'2018-06-22 12:40:13','2018-06-22 12:40:13'),(1848,2,693,'MBAITOLI',NULL,NULL,NULL,NULL,'2018-06-22 12:40:13','2018-06-22 12:40:13'),(1849,2,693,'NGOR OKPALA',NULL,NULL,NULL,NULL,'2018-06-22 12:40:13','2018-06-22 12:40:13'),(1850,2,693,'NJABA',NULL,NULL,NULL,NULL,'2018-06-22 12:40:13','2018-06-22 12:40:13'),(1851,2,693,'NKWERRE',NULL,NULL,NULL,NULL,'2018-06-22 12:40:14','2018-06-22 12:40:14'),(1852,2,693,'NWANGELE',NULL,NULL,NULL,NULL,'2018-06-22 12:40:14','2018-06-22 12:40:14'),(1853,2,693,'OBOWO',NULL,NULL,NULL,NULL,'2018-06-22 12:40:14','2018-06-22 12:40:14'),(1854,2,693,'OGUTA',NULL,NULL,NULL,NULL,'2018-06-22 12:40:14','2018-06-22 12:40:14'),(1855,2,693,'OHAJI/EGBEMA',NULL,NULL,NULL,NULL,'2018-06-22 12:40:15','2018-06-22 12:40:15'),(1856,2,693,'OKIGWE',NULL,NULL,NULL,NULL,'2018-06-22 12:40:15','2018-06-22 12:40:15'),(1857,2,693,'ORLU',NULL,NULL,NULL,NULL,'2018-06-22 12:40:15','2018-06-22 12:40:15'),(1858,2,693,'ORSU',NULL,NULL,NULL,NULL,'2018-06-22 12:40:15','2018-06-22 12:40:15'),(1859,2,693,'ORU EAST',NULL,NULL,NULL,NULL,'2018-06-22 12:40:16','2018-06-22 12:40:16'),(1860,2,693,'ORU WEST',NULL,NULL,NULL,NULL,'2018-06-22 12:40:16','2018-06-22 12:40:16'),(1861,2,693,'OWERRI MUNICIPAL',NULL,NULL,NULL,NULL,'2018-06-22 12:40:16','2018-06-22 12:40:16'),(1862,2,693,'OWERRI NORTH',NULL,NULL,NULL,NULL,'2018-06-22 12:40:16','2018-06-22 12:40:16'),(1863,2,693,'OWERRI WEST',NULL,NULL,NULL,NULL,'2018-06-22 12:40:17','2018-06-22 12:40:17'),(1864,2,693,'UNUIMO',NULL,NULL,NULL,NULL,'2018-06-22 12:40:17','2018-06-22 12:40:17'),(1865,2,693,'OBOWO',NULL,NULL,NULL,NULL,'2018-06-22 12:40:17','2018-06-22 12:40:17'),(1866,2,694,'AUYO',NULL,NULL,NULL,NULL,'2018-06-22 12:40:17','2018-06-22 12:40:17'),(1867,2,694,'BABURA',NULL,NULL,NULL,NULL,'2018-06-22 12:40:17','2018-06-22 12:40:17'),(1868,2,694,'BIRINIWA',NULL,NULL,NULL,NULL,'2018-06-22 12:40:17','2018-06-22 12:40:17'),(1869,2,694,'BIRNIN KUDU',NULL,NULL,NULL,NULL,'2018-06-22 12:40:17','2018-06-22 12:40:17'),(1870,2,694,'BUJI',NULL,NULL,NULL,NULL,'2018-06-22 12:40:17','2018-06-22 12:40:17'),(1871,2,694,'DUTSE',NULL,NULL,NULL,NULL,'2018-06-22 12:40:17','2018-06-22 12:40:17'),(1872,2,694,'GAGARAWA',NULL,NULL,NULL,NULL,'2018-06-22 12:40:17','2018-06-22 12:40:17'),(1873,2,694,'GARKI',NULL,NULL,NULL,NULL,'2018-06-22 12:40:17','2018-06-22 12:40:17'),(1874,2,694,'GUMEL',NULL,NULL,NULL,NULL,'2018-06-22 12:40:18','2018-06-22 12:40:18'),(1875,2,694,'GURI',NULL,NULL,NULL,NULL,'2018-06-22 12:40:18','2018-06-22 12:40:18'),(1876,2,694,'GWARAM',NULL,NULL,NULL,NULL,'2018-06-22 12:40:18','2018-06-22 12:40:18'),(1877,2,694,'GWIWA',NULL,NULL,NULL,NULL,'2018-06-22 12:40:18','2018-06-22 12:40:18'),(1878,2,694,'HADEJIA',NULL,NULL,NULL,NULL,'2018-06-22 12:40:18','2018-06-22 12:40:18'),(1879,2,694,'JAHUN',NULL,NULL,NULL,NULL,'2018-06-22 12:40:18','2018-06-22 12:40:18'),(1880,2,694,'KAFIN HAUSA',NULL,NULL,NULL,NULL,'2018-06-22 12:40:18','2018-06-22 12:40:18'),(1881,2,694,'KAZAURE',NULL,NULL,NULL,NULL,'2018-06-22 12:40:19','2018-06-22 12:40:19'),(1882,2,694,'KIRI KASAMA',NULL,NULL,NULL,NULL,'2018-06-22 12:40:19','2018-06-22 12:40:19'),(1883,2,694,'KIYAWA',NULL,NULL,NULL,NULL,'2018-06-22 12:40:19','2018-06-22 12:40:19'),(1884,2,694,'KAUGAMA',NULL,NULL,NULL,NULL,'2018-06-22 12:40:19','2018-06-22 12:40:19'),(1885,2,694,'MAIGATARI',NULL,NULL,NULL,NULL,'2018-06-22 12:40:19','2018-06-22 12:40:19'),(1886,2,694,'MALAM MADORI',NULL,NULL,NULL,NULL,'2018-06-22 12:40:19','2018-06-22 12:40:19'),(1887,2,694,'MIGA',NULL,NULL,NULL,NULL,'2018-06-22 12:40:19','2018-06-22 12:40:19'),(1888,2,694,'RINGIM',NULL,NULL,NULL,NULL,'2018-06-22 12:40:19','2018-06-22 12:40:19'),(1889,2,694,'RONI',NULL,NULL,NULL,NULL,'2018-06-22 12:40:19','2018-06-22 12:40:19'),(1890,2,694,'SULE TANKARKAR',NULL,NULL,NULL,NULL,'2018-06-22 12:40:19','2018-06-22 12:40:19'),(1891,2,694,'TAURA',NULL,NULL,NULL,NULL,'2018-06-22 12:40:19','2018-06-22 12:40:19'),(1892,2,694,'YANKWASHI',NULL,NULL,NULL,NULL,'2018-06-22 12:40:20','2018-06-22 12:40:20'),(1893,2,695,'BIRNIN GWARI',NULL,NULL,NULL,NULL,'2018-06-22 12:40:20','2018-06-22 12:40:20'),(1894,2,695,'CHIKUN',NULL,NULL,NULL,NULL,'2018-06-22 12:40:20','2018-06-22 12:40:20'),(1895,2,695,'GIWA',NULL,NULL,NULL,NULL,'2018-06-22 12:40:20','2018-06-22 12:40:20'),(1896,2,695,'IGABI',NULL,NULL,NULL,NULL,'2018-06-22 12:40:20','2018-06-22 12:40:20'),(1897,2,695,'IKARA',NULL,NULL,NULL,NULL,'2018-06-22 12:40:20','2018-06-22 12:40:20'),(1898,2,695,'JABA',NULL,NULL,NULL,NULL,'2018-06-22 12:40:20','2018-06-22 12:40:20'),(1899,2,695,'JEMA''A',NULL,NULL,NULL,NULL,'2018-06-22 12:40:20','2018-06-22 12:40:20'),(1900,2,695,'KACHIA',NULL,NULL,NULL,NULL,'2018-06-22 12:40:21','2018-06-22 12:40:21'),(1901,2,695,'KADUNA NORTH',NULL,NULL,NULL,NULL,'2018-06-22 12:40:21','2018-06-22 12:40:21'),(1902,2,695,'KADUNA SOUTH',NULL,NULL,NULL,NULL,'2018-06-22 12:40:21','2018-06-22 12:40:21'),(1903,2,695,'KAGARKO',NULL,NULL,NULL,NULL,'2018-06-22 12:40:22','2018-06-22 12:40:22'),(1904,2,695,'KAJURU',NULL,NULL,NULL,NULL,'2018-06-22 12:40:22','2018-06-22 12:40:22'),(1905,2,695,'KAURA',NULL,NULL,NULL,NULL,'2018-06-22 12:40:23','2018-06-22 12:40:23'),(1906,2,695,'KAURU',NULL,NULL,NULL,NULL,'2018-06-22 12:40:23','2018-06-22 12:40:23'),(1907,2,695,'KUBAU',NULL,NULL,NULL,NULL,'2018-06-22 12:40:23','2018-06-22 12:40:23'),(1908,2,695,'KUDAN',NULL,NULL,NULL,NULL,'2018-06-22 12:40:23','2018-06-22 12:40:23'),(1909,2,695,'LERE',NULL,NULL,NULL,NULL,'2018-06-22 12:40:23','2018-06-22 12:40:23'),(1910,2,695,'MAKARFI',NULL,NULL,NULL,NULL,'2018-06-22 12:40:23','2018-06-22 12:40:23'),(1911,2,695,'SABON GARI',NULL,NULL,NULL,NULL,'2018-06-22 12:40:23','2018-06-22 12:40:23'),(1912,2,695,'SANGA',NULL,NULL,NULL,NULL,'2018-06-22 12:40:23','2018-06-22 12:40:23'),(1913,2,695,'SOBA',NULL,NULL,NULL,NULL,'2018-06-22 12:40:23','2018-06-22 12:40:23'),(1914,2,695,'ZANGON KATAF',NULL,NULL,NULL,NULL,'2018-06-22 12:40:23','2018-06-22 12:40:23'),(1915,2,695,'ZARIA',NULL,NULL,NULL,NULL,'2018-06-22 12:40:24','2018-06-22 12:40:24'),(1916,2,696,'AJINGI',NULL,NULL,NULL,NULL,'2018-06-22 12:40:24','2018-06-22 12:40:24'),(1917,2,696,'ALBASU',NULL,NULL,NULL,NULL,'2018-06-22 12:40:24','2018-06-22 12:40:24'),(1918,2,696,'BAGWAI',NULL,NULL,NULL,NULL,'2018-06-22 12:40:24','2018-06-22 12:40:24'),(1919,2,696,'BEBEJI',NULL,NULL,NULL,NULL,'2018-06-22 12:40:24','2018-06-22 12:40:24'),(1920,2,696,'BICHI',NULL,NULL,NULL,NULL,'2018-06-22 12:40:25','2018-06-22 12:40:25'),(1921,2,696,'BUNKURE',NULL,NULL,NULL,NULL,'2018-06-22 12:40:25','2018-06-22 12:40:25'),(1922,2,696,'DALA',NULL,NULL,NULL,NULL,'2018-06-22 12:40:25','2018-06-22 12:40:25'),(1923,2,696,'DAMBATTA',NULL,NULL,NULL,NULL,'2018-06-22 12:40:25','2018-06-22 12:40:25'),(1924,2,696,'DAWAKIN KUDU',NULL,NULL,NULL,NULL,'2018-06-22 12:40:25','2018-06-22 12:40:25'),(1925,2,696,'DAWAKIN TOFA',NULL,NULL,NULL,NULL,'2018-06-22 12:40:25','2018-06-22 12:40:25'),(1926,2,696,'DOGUWA',NULL,NULL,NULL,NULL,'2018-06-22 12:40:27','2018-06-22 12:40:27'),(1927,2,696,'FAGGE',NULL,NULL,NULL,NULL,'2018-06-22 12:40:27','2018-06-22 12:40:27'),(1928,2,696,'GABASAWA',NULL,NULL,NULL,NULL,'2018-06-22 12:40:27','2018-06-22 12:40:27'),(1929,2,696,'GARKO',NULL,NULL,NULL,NULL,'2018-06-22 12:40:27','2018-06-22 12:40:27'),(1930,2,696,'GARUN MALLAM',NULL,NULL,NULL,NULL,'2018-06-22 12:40:27','2018-06-22 12:40:27'),(1931,2,696,'GAYA',NULL,NULL,NULL,NULL,'2018-06-22 12:40:28','2018-06-22 12:40:28'),(1932,2,696,'GEZAWA',NULL,NULL,NULL,NULL,'2018-06-22 12:40:28','2018-06-22 12:40:28'),(1933,2,696,'GWALE',NULL,NULL,NULL,NULL,'2018-06-22 12:40:28','2018-06-22 12:40:28'),(1934,2,696,'GWARZO',NULL,NULL,NULL,NULL,'2018-06-22 12:40:28','2018-06-22 12:40:28'),(1935,2,696,'KABO',NULL,NULL,NULL,NULL,'2018-06-22 12:40:28','2018-06-22 12:40:28'),(1936,2,696,'KANO MUNICIPAL',NULL,NULL,NULL,NULL,'2018-06-22 12:40:28','2018-06-22 12:40:28'),(1937,2,696,'KARAYE',NULL,NULL,NULL,NULL,'2018-06-22 12:40:28','2018-06-22 12:40:28'),(1938,2,696,'KIBIYA',NULL,NULL,NULL,NULL,'2018-06-22 12:40:28','2018-06-22 12:40:28'),(1939,2,696,'KIRU',NULL,NULL,NULL,NULL,'2018-06-22 12:40:28','2018-06-22 12:40:28'),(1940,2,696,'KUMBOTSO',NULL,NULL,NULL,NULL,'2018-06-22 12:40:28','2018-06-22 12:40:28'),(1941,2,696,'KUNCHI',NULL,NULL,NULL,NULL,'2018-06-22 12:40:28','2018-06-22 12:40:28'),(1942,2,696,'KURA',NULL,NULL,NULL,NULL,'2018-06-22 12:40:28','2018-06-22 12:40:28'),(1943,2,696,'MADOBI',NULL,NULL,NULL,NULL,'2018-06-22 12:40:29','2018-06-22 12:40:29'),(1944,2,696,'MAKODA',NULL,NULL,NULL,NULL,'2018-06-22 12:40:29','2018-06-22 12:40:29'),(1945,2,696,'MINJIBIR',NULL,NULL,NULL,NULL,'2018-06-22 12:40:29','2018-06-22 12:40:29'),(1946,2,696,'NASARAWA',NULL,NULL,NULL,NULL,'2018-06-22 12:40:29','2018-06-22 12:40:29'),(1947,2,696,'RANO',NULL,NULL,NULL,NULL,'2018-06-22 12:40:29','2018-06-22 12:40:29'),(1948,2,696,'RIMIN GADO',NULL,NULL,NULL,NULL,'2018-06-22 12:40:29','2018-06-22 12:40:29'),(1949,2,696,'ROGO',NULL,NULL,NULL,NULL,'2018-06-22 12:40:29','2018-06-22 12:40:29'),(1950,2,696,'SHANONO',NULL,NULL,NULL,NULL,'2018-06-22 12:40:29','2018-06-22 12:40:29'),(1951,2,696,'SUMAILA',NULL,NULL,NULL,NULL,'2018-06-22 12:40:29','2018-06-22 12:40:29'),(1952,2,696,'TAKAI',NULL,NULL,NULL,NULL,'2018-06-22 12:40:29','2018-06-22 12:40:29'),(1953,2,696,'TARAUNI',NULL,NULL,NULL,NULL,'2018-06-22 12:40:30','2018-06-22 12:40:30'),(1954,2,696,'TOFA',NULL,NULL,NULL,NULL,'2018-06-22 12:40:30','2018-06-22 12:40:30'),(1955,2,696,'TSANYAWA',NULL,NULL,NULL,NULL,'2018-06-22 12:40:30','2018-06-22 12:40:30'),(1956,2,696,'TUDUN WADA',NULL,NULL,NULL,NULL,'2018-06-22 12:40:30','2018-06-22 12:40:30'),(1957,2,696,'UNGOGO',NULL,NULL,NULL,NULL,'2018-06-22 12:40:30','2018-06-22 12:40:30'),(1958,2,696,'WARAWA',NULL,NULL,NULL,NULL,'2018-06-22 12:40:30','2018-06-22 12:40:30'),(1959,2,696,'WUDIL',NULL,NULL,NULL,NULL,'2018-06-22 12:40:30','2018-06-22 12:40:30'),(1960,2,697,'BAKORI',NULL,NULL,NULL,NULL,'2018-06-22 12:40:30','2018-06-22 12:40:30'),(1961,2,697,'BATAGARAWA',NULL,NULL,NULL,NULL,'2018-06-22 12:40:31','2018-06-22 12:40:31'),(1962,2,697,'BATSARI',NULL,NULL,NULL,NULL,'2018-06-22 12:40:31','2018-06-22 12:40:31'),(1963,2,697,'BAURE',NULL,NULL,NULL,NULL,'2018-06-22 12:40:31','2018-06-22 12:40:31'),(1964,2,697,'BINDAWA',NULL,NULL,NULL,NULL,'2018-06-22 12:40:31','2018-06-22 12:40:31'),(1965,2,697,'CHARANCHI',NULL,NULL,NULL,NULL,'2018-06-22 12:40:31','2018-06-22 12:40:31'),(1966,2,697,'DANDUME',NULL,NULL,NULL,NULL,'2018-06-22 12:40:31','2018-06-22 12:40:31'),(1967,2,697,'DANJA',NULL,NULL,NULL,NULL,'2018-06-22 12:40:31','2018-06-22 12:40:31'),(1968,2,697,'DAN MUSA',NULL,NULL,NULL,NULL,'2018-06-22 12:40:31','2018-06-22 12:40:31'),(1969,2,697,'DAURA',NULL,NULL,NULL,NULL,'2018-06-22 12:40:31','2018-06-22 12:40:31'),(1970,2,697,'DUTSI',NULL,NULL,NULL,NULL,'2018-06-22 12:40:31','2018-06-22 12:40:31'),(1971,2,697,'DUTSIN MA',NULL,NULL,NULL,NULL,'2018-06-22 12:40:31','2018-06-22 12:40:31'),(1972,2,697,'FASKARI',NULL,NULL,NULL,NULL,'2018-06-22 12:40:31','2018-06-22 12:40:31'),(1973,2,697,'FUNTUA',NULL,NULL,NULL,NULL,'2018-06-22 12:40:31','2018-06-22 12:40:31'),(1974,2,697,'INGAWA',NULL,NULL,NULL,NULL,'2018-06-22 12:40:32','2018-06-22 12:40:32'),(1975,2,697,'JIBIA',NULL,NULL,NULL,NULL,'2018-06-22 12:40:32','2018-06-22 12:40:32'),(1976,2,697,'KAFUR',NULL,NULL,NULL,NULL,'2018-06-22 12:40:32','2018-06-22 12:40:32'),(1977,2,697,'KAITA',NULL,NULL,NULL,NULL,'2018-06-22 12:40:32','2018-06-22 12:40:32'),(1978,2,697,'KANKARA',NULL,NULL,NULL,NULL,'2018-06-22 12:40:32','2018-06-22 12:40:32'),(1979,2,697,'KANKIA',NULL,NULL,NULL,NULL,'2018-06-22 12:40:32','2018-06-22 12:40:32'),(1980,2,697,'KATSINA',NULL,NULL,NULL,NULL,'2018-06-22 12:40:32','2018-06-22 12:40:32'),(1981,2,697,'KURFI',NULL,NULL,NULL,NULL,'2018-06-22 12:40:33','2018-06-22 12:40:33'),(1982,2,697,'KUSADA',NULL,NULL,NULL,NULL,'2018-06-22 12:40:33','2018-06-22 12:40:33'),(1983,2,697,'MAI''ADUA',NULL,NULL,NULL,NULL,'2018-06-22 12:40:33','2018-06-22 12:40:33'),(1984,2,697,'MALUMFASHI',NULL,NULL,NULL,NULL,'2018-06-22 12:40:33','2018-06-22 12:40:33'),(1985,2,697,'MANI',NULL,NULL,NULL,NULL,'2018-06-22 12:40:33','2018-06-22 12:40:33'),(1986,2,697,'MASHI',NULL,NULL,NULL,NULL,'2018-06-22 12:40:33','2018-06-22 12:40:33'),(1987,2,697,'MATAZU',NULL,NULL,NULL,NULL,'2018-06-22 12:40:33','2018-06-22 12:40:33'),(1988,2,697,'MUSAWA',NULL,NULL,NULL,NULL,'2018-06-22 12:40:33','2018-06-22 12:40:33'),(1989,2,697,'RIMI',NULL,NULL,NULL,NULL,'2018-06-22 12:40:33','2018-06-22 12:40:33'),(1990,2,697,'SABUWA',NULL,NULL,NULL,NULL,'2018-06-22 12:40:33','2018-06-22 12:40:33'),(1991,2,697,'SAFANA',NULL,NULL,NULL,NULL,'2018-06-22 12:40:33','2018-06-22 12:40:33'),(1992,2,697,'SANDAMU',NULL,NULL,NULL,NULL,'2018-06-22 12:40:33','2018-06-22 12:40:33'),(1993,2,697,'ZANGO',NULL,NULL,NULL,NULL,'2018-06-22 12:40:34','2018-06-22 12:40:34'),(1994,2,698,'ALEIRO',NULL,NULL,NULL,NULL,'2018-06-22 12:40:34','2018-06-22 12:40:34'),(1995,2,698,'AREWA DANDI',NULL,NULL,NULL,NULL,'2018-06-22 12:40:34','2018-06-22 12:40:34'),(1996,2,698,'ARGUNGU',NULL,NULL,NULL,NULL,'2018-06-22 12:40:34','2018-06-22 12:40:34'),(1997,2,698,'AUGIE',NULL,NULL,NULL,NULL,'2018-06-22 12:40:34','2018-06-22 12:40:34'),(1998,2,698,'BAGUDO',NULL,NULL,NULL,NULL,'2018-06-22 12:40:34','2018-06-22 12:40:34'),(1999,2,698,'BIRNIN KEBBI',NULL,NULL,NULL,NULL,'2018-06-22 12:40:34','2018-06-22 12:40:34'),(2000,2,698,'BUNZA',NULL,NULL,NULL,NULL,'2018-06-22 12:40:34','2018-06-22 12:40:34'),(2001,2,698,'DANDI',NULL,NULL,NULL,NULL,'2018-06-22 12:40:35','2018-06-22 12:40:35'),(2002,2,698,'FAKAI',NULL,NULL,NULL,NULL,'2018-06-22 12:40:35','2018-06-22 12:40:35'),(2003,2,698,'GWANDU',NULL,NULL,NULL,NULL,'2018-06-22 12:40:35','2018-06-22 12:40:35'),(2004,2,698,'JEGA',NULL,NULL,NULL,NULL,'2018-06-22 12:40:35','2018-06-22 12:40:35'),(2005,2,698,'KALGO',NULL,NULL,NULL,NULL,'2018-06-22 12:40:37','2018-06-22 12:40:37'),(2006,2,698,'KOKO/BESSE',NULL,NULL,NULL,NULL,'2018-06-22 12:40:37','2018-06-22 12:40:37'),(2007,2,698,'MAIYAMA',NULL,NULL,NULL,NULL,'2018-06-22 12:40:37','2018-06-22 12:40:37'),(2008,2,698,'NGASKI',NULL,NULL,NULL,NULL,'2018-06-22 12:40:38','2018-06-22 12:40:38'),(2009,2,698,'SAKABA',NULL,NULL,NULL,NULL,'2018-06-22 12:40:38','2018-06-22 12:40:38'),(2010,2,698,'SHANGA',NULL,NULL,NULL,NULL,'2018-06-22 12:40:38','2018-06-22 12:40:38'),(2011,2,698,'SURU',NULL,NULL,NULL,NULL,'2018-06-22 12:40:39','2018-06-22 12:40:39'),(2012,2,698,'WASAGU/DANKO',NULL,NULL,NULL,NULL,'2018-06-22 12:40:39','2018-06-22 12:40:39'),(2013,2,698,'YAURI',NULL,NULL,NULL,NULL,'2018-06-22 12:40:39','2018-06-22 12:40:39'),(2014,2,698,'ZURU',NULL,NULL,NULL,NULL,'2018-06-22 12:40:39','2018-06-22 12:40:39'),(2015,2,699,'ADAVI',NULL,NULL,NULL,NULL,'2018-06-22 12:40:39','2018-06-22 12:40:39'),(2016,2,699,'AJAOKUTA',NULL,NULL,NULL,NULL,'2018-06-22 12:40:39','2018-06-22 12:40:39'),(2017,2,699,'ANKPA',NULL,NULL,NULL,NULL,'2018-06-22 12:40:39','2018-06-22 12:40:39'),(2018,2,699,'BASSA',NULL,NULL,NULL,NULL,'2018-06-22 12:40:39','2018-06-22 12:40:39'),(2019,2,699,'DEKINA',NULL,NULL,NULL,NULL,'2018-06-22 12:40:39','2018-06-22 12:40:39'),(2020,2,699,'IBAJI',NULL,NULL,NULL,NULL,'2018-06-22 12:40:39','2018-06-22 12:40:39'),(2021,2,699,'IDAH',NULL,NULL,NULL,NULL,'2018-06-22 12:40:39','2018-06-22 12:40:39'),(2022,2,699,'IGALAMELA ODOLU',NULL,NULL,NULL,NULL,'2018-06-22 12:40:39','2018-06-22 12:40:39'),(2023,2,699,'IJUMU',NULL,NULL,NULL,NULL,'2018-06-22 12:40:39','2018-06-22 12:40:39'),(2024,2,699,'KABBA/BUNU',NULL,NULL,NULL,NULL,'2018-06-22 12:40:39','2018-06-22 12:40:39'),(2025,2,699,'KOGI',NULL,NULL,NULL,NULL,'2018-06-22 12:40:39','2018-06-22 12:40:39'),(2026,2,699,'LOKOJA',NULL,NULL,NULL,NULL,'2018-06-22 12:40:40','2018-06-22 12:40:40'),(2027,2,699,'MOPA MURO',NULL,NULL,NULL,NULL,'2018-06-22 12:40:42','2018-06-22 12:40:42'),(2028,2,699,'OFU',NULL,NULL,NULL,NULL,'2018-06-22 12:40:42','2018-06-22 12:40:42'),(2029,2,699,'OGORI/MAGONGO',NULL,NULL,NULL,NULL,'2018-06-22 12:40:42','2018-06-22 12:40:42'),(2030,2,699,'OKEHI',NULL,NULL,NULL,NULL,'2018-06-22 12:40:42','2018-06-22 12:40:42'),(2031,2,699,'OKENE',NULL,NULL,NULL,NULL,'2018-06-22 12:40:42','2018-06-22 12:40:42'),(2032,2,699,'OLAMABORO',NULL,NULL,NULL,NULL,'2018-06-22 12:40:42','2018-06-22 12:40:42'),(2033,2,699,'OMALA',NULL,NULL,NULL,NULL,'2018-06-22 12:40:42','2018-06-22 12:40:42'),(2034,2,699,'YAGBA EAST',NULL,NULL,NULL,NULL,'2018-06-22 12:40:42','2018-06-22 12:40:42'),(2035,2,699,'YAGBA WEST',NULL,NULL,NULL,NULL,'2018-06-22 12:40:42','2018-06-22 12:40:42'),(2036,2,700,'ASA',NULL,NULL,NULL,NULL,'2018-06-22 12:40:42','2018-06-22 12:40:42'),(2037,2,700,'BARUTEN',NULL,NULL,NULL,NULL,'2018-06-22 12:40:42','2018-06-22 12:40:42'),(2038,2,700,'EDU',NULL,NULL,NULL,NULL,'2018-06-22 12:40:43','2018-06-22 12:40:43'),(2039,2,700,'EKITI',NULL,NULL,NULL,NULL,'2018-06-22 12:40:43','2018-06-22 12:40:43'),(2040,2,700,'IFELODUN',NULL,NULL,NULL,NULL,'2018-06-22 12:40:43','2018-06-22 12:40:43'),(2041,2,700,'ILORIN EAST',NULL,NULL,NULL,NULL,'2018-06-22 12:40:44','2018-06-22 12:40:44'),(2042,2,700,'ILORIN SOUTH',NULL,NULL,NULL,NULL,'2018-06-22 12:40:44','2018-06-22 12:40:44'),(2043,2,700,'ILORIN WEST',NULL,NULL,NULL,NULL,'2018-06-22 12:40:44','2018-06-22 12:40:44'),(2044,2,700,'IREPODUN',NULL,NULL,NULL,NULL,'2018-06-22 12:40:44','2018-06-22 12:40:44'),(2045,2,700,'ISIN',NULL,NULL,NULL,NULL,'2018-06-22 12:40:44','2018-06-22 12:40:44'),(2046,2,700,'KAIAMA',NULL,NULL,NULL,NULL,'2018-06-22 12:40:44','2018-06-22 12:40:44'),(2047,2,700,'MORO',NULL,NULL,NULL,NULL,'2018-06-22 12:40:44','2018-06-22 12:40:44'),(2048,2,700,'OFFA',NULL,NULL,NULL,NULL,'2018-06-22 12:40:44','2018-06-22 12:40:44'),(2049,2,700,'OKE ERO',NULL,NULL,NULL,NULL,'2018-06-22 12:40:44','2018-06-22 12:40:44'),(2050,2,700,'OYUN',NULL,NULL,NULL,NULL,'2018-06-22 12:40:44','2018-06-22 12:40:44'),(2051,2,700,'PATEGI',NULL,NULL,NULL,NULL,'2018-06-22 12:40:44','2018-06-22 12:40:44'),(2052,2,701,'AGEGE',NULL,NULL,NULL,NULL,'2018-06-22 12:40:44','2018-06-22 12:40:44'),(2053,2,701,'AJEROMI-IFELODUN',NULL,NULL,NULL,NULL,'2018-06-22 12:40:44','2018-06-22 12:40:44'),(2054,2,701,'ALIMOSHO',NULL,NULL,NULL,NULL,'2018-06-22 12:40:44','2018-06-22 12:40:44'),(2055,2,701,'AMUWO-ODOFIN',NULL,NULL,NULL,NULL,'2018-06-22 12:40:44','2018-06-22 12:40:44'),(2056,2,701,'APAPA',NULL,NULL,NULL,NULL,'2018-06-22 12:40:45','2018-06-22 12:40:45'),(2057,2,701,'BADAGRY',NULL,NULL,NULL,NULL,'2018-06-22 12:40:45','2018-06-22 12:40:45'),(2058,2,701,'EPE',NULL,NULL,NULL,NULL,'2018-06-22 12:40:45','2018-06-22 12:40:45'),(2059,2,701,'ETI OSA',NULL,NULL,NULL,NULL,'2018-06-22 12:40:45','2018-06-22 12:40:45'),(2060,2,701,'IBEJU-LEKKI',NULL,NULL,NULL,NULL,'2018-06-22 12:40:45','2018-06-22 12:40:45'),(2061,2,701,'IFAKO-IJAIYE',NULL,NULL,NULL,NULL,'2018-06-22 12:40:46','2018-06-22 12:40:46'),(2062,2,701,'IKEJA',NULL,NULL,NULL,NULL,'2018-06-22 12:40:46','2018-06-22 12:40:46'),(2063,2,701,'IKORODU',NULL,NULL,NULL,NULL,'2018-06-22 12:40:47','2018-06-22 12:40:47'),(2064,2,701,'KOSOFE',NULL,NULL,NULL,NULL,'2018-06-22 12:40:47','2018-06-22 12:40:47'),(2065,2,701,'LAGOS ISLAND',NULL,NULL,NULL,NULL,'2018-06-22 12:40:47','2018-06-22 12:40:47'),(2066,2,701,'LAGOS MAINLAND',NULL,NULL,NULL,NULL,'2018-06-22 12:40:48','2018-06-22 12:40:48'),(2067,2,701,'MUSHIN',NULL,NULL,NULL,NULL,'2018-06-22 12:40:48','2018-06-22 12:40:48'),(2068,2,701,'OJO',NULL,NULL,NULL,NULL,'2018-06-22 12:40:49','2018-06-22 12:40:49'),(2069,2,701,'OSHODI-ISOLO',NULL,NULL,NULL,NULL,'2018-06-22 12:40:50','2018-06-22 12:40:50'),(2070,2,701,'SHOMOLU',NULL,NULL,NULL,NULL,'2018-06-22 12:40:50','2018-06-22 12:40:50'),(2071,2,701,'SURULERE',NULL,NULL,NULL,NULL,'2018-06-22 12:40:51','2018-06-22 12:40:51'),(2072,2,1173,'AKWANGA',NULL,NULL,NULL,NULL,'2018-06-22 12:40:52','2018-06-22 12:40:52'),(2073,2,1173,'AWE',NULL,NULL,NULL,NULL,'2018-06-22 12:40:53','2018-06-22 12:40:53'),(2074,2,1173,'DOMA',NULL,NULL,NULL,NULL,'2018-06-22 12:40:54','2018-06-22 12:40:54'),(2075,2,1173,'KARU',NULL,NULL,NULL,NULL,'2018-06-22 12:40:54','2018-06-22 12:40:54'),(2076,2,1173,'KEANA',NULL,NULL,NULL,NULL,'2018-06-22 12:40:54','2018-06-22 12:40:54'),(2077,2,1173,'KEFFI',NULL,NULL,NULL,NULL,'2018-06-22 12:40:54','2018-06-22 12:40:54'),(2078,2,1173,'KOKONA',NULL,NULL,NULL,NULL,'2018-06-22 12:40:54','2018-06-22 12:40:54'),(2079,2,1173,'LAFIA',NULL,NULL,NULL,NULL,'2018-06-22 12:40:54','2018-06-22 12:40:54'),(2080,2,1173,'NASARAWA',NULL,NULL,NULL,NULL,'2018-06-22 12:40:55','2018-06-22 12:40:55'),(2081,2,1173,'NASARAWA EGON',NULL,NULL,NULL,NULL,'2018-06-22 12:40:55','2018-06-22 12:40:55'),(2082,2,1173,'OBI',NULL,NULL,NULL,NULL,'2018-06-22 12:40:55','2018-06-22 12:40:55'),(2083,2,1173,'TOTO',NULL,NULL,NULL,NULL,'2018-06-22 12:40:55','2018-06-22 12:40:55'),(2084,2,1173,'WAMBA',NULL,NULL,NULL,NULL,'2018-06-22 12:40:55','2018-06-22 12:40:55'),(2085,2,1173,'OBI',NULL,NULL,NULL,NULL,'2018-06-22 12:40:55','2018-06-22 12:40:55'),(2086,2,703,'AGAIE',NULL,NULL,NULL,NULL,'2018-06-22 12:40:56','2018-06-22 12:40:56'),(2087,2,703,'AGWARA',NULL,NULL,NULL,NULL,'2018-06-22 12:40:56','2018-06-22 12:40:56'),(2088,2,703,'BIDA',NULL,NULL,NULL,NULL,'2018-06-22 12:40:56','2018-06-22 12:40:56'),(2089,2,703,'BORGU',NULL,NULL,NULL,NULL,'2018-06-22 12:40:56','2018-06-22 12:40:56'),(2090,2,703,'BOSSO',NULL,NULL,NULL,NULL,'2018-06-22 12:40:56','2018-06-22 12:40:56'),(2091,2,703,'CHANCHAGA',NULL,NULL,NULL,NULL,'2018-06-22 12:40:56','2018-06-22 12:40:56'),(2092,2,703,'EDATI',NULL,NULL,NULL,NULL,'2018-06-22 12:40:56','2018-06-22 12:40:56'),(2093,2,703,'GBAKO',NULL,NULL,NULL,NULL,'2018-06-22 12:40:56','2018-06-22 12:40:56'),(2094,2,703,'GURARA',NULL,NULL,NULL,NULL,'2018-06-22 12:40:57','2018-06-22 12:40:57'),(2095,2,703,'KATCHA',NULL,NULL,NULL,NULL,'2018-06-22 12:40:58','2018-06-22 12:40:58'),(2096,2,703,'KONTAGORA',NULL,NULL,NULL,NULL,'2018-06-22 12:40:58','2018-06-22 12:40:58'),(2097,2,703,'LAPAI',NULL,NULL,NULL,NULL,'2018-06-22 12:40:59','2018-06-22 12:40:59'),(2098,2,703,'LAVUN',NULL,NULL,NULL,NULL,'2018-06-22 12:40:59','2018-06-22 12:40:59'),(2099,2,703,'MAGAMA',NULL,NULL,NULL,NULL,'2018-06-22 12:41:00','2018-06-22 12:41:00'),(2100,2,703,'MARIGA',NULL,NULL,NULL,NULL,'2018-06-22 12:41:00','2018-06-22 12:41:00'),(2101,2,703,'MASHEGU',NULL,NULL,NULL,NULL,'2018-06-22 12:41:00','2018-06-22 12:41:00'),(2102,2,703,'MOKWA',NULL,NULL,NULL,NULL,'2018-06-22 12:41:00','2018-06-22 12:41:00'),(2103,2,703,'MOYA',NULL,NULL,NULL,NULL,'2018-06-22 12:41:00','2018-06-22 12:41:00'),(2104,2,703,'PAIKORO',NULL,NULL,NULL,NULL,'2018-06-22 12:41:00','2018-06-22 12:41:00'),(2105,2,703,'RAFI',NULL,NULL,NULL,NULL,'2018-06-22 12:41:00','2018-06-22 12:41:00'),(2106,2,703,'RIJAU',NULL,NULL,NULL,NULL,'2018-06-22 12:41:00','2018-06-22 12:41:00'),(2107,2,703,'SHIRORO',NULL,NULL,NULL,NULL,'2018-06-22 12:41:00','2018-06-22 12:41:00'),(2108,2,703,'SULEJA',NULL,NULL,NULL,NULL,'2018-06-22 12:41:01','2018-06-22 12:41:01'),(2109,2,703,'TAFA',NULL,NULL,NULL,NULL,'2018-06-22 12:41:01','2018-06-22 12:41:01'),(2110,2,703,'WUSHISHI',NULL,NULL,NULL,NULL,'2018-06-22 12:41:01','2018-06-22 12:41:01'),(2111,2,704,'ABEOKUTA NORTH',NULL,NULL,NULL,NULL,'2018-06-22 12:41:01','2018-06-22 12:41:01'),(2112,2,704,'ABEOKUTA SOUTH',NULL,NULL,NULL,NULL,'2018-06-22 12:41:01','2018-06-22 12:41:01'),(2113,2,704,'ADO-ODO/OTA',NULL,NULL,NULL,NULL,'2018-06-22 12:41:01','2018-06-22 12:41:01'),(2114,2,704,'YEWA NORTH',NULL,NULL,NULL,NULL,'2018-06-22 12:41:01','2018-06-22 12:41:01'),(2115,2,704,'YEWA SOUTH',NULL,NULL,NULL,NULL,'2018-06-22 12:41:01','2018-06-22 12:41:01'),(2116,2,704,'EWEKORO',NULL,NULL,NULL,NULL,'2018-06-22 12:41:01','2018-06-22 12:41:01'),(2117,2,704,'IFO',NULL,NULL,NULL,NULL,'2018-06-22 12:41:01','2018-06-22 12:41:01'),(2118,2,704,'IJEBU EAST',NULL,NULL,NULL,NULL,'2018-06-22 12:41:01','2018-06-22 12:41:01'),(2119,2,704,'IJEBU NORTH',NULL,NULL,NULL,NULL,'2018-06-22 12:41:01','2018-06-22 12:41:01'),(2120,2,704,'IJEBU NORTH EAST',NULL,NULL,NULL,NULL,'2018-06-22 12:41:01','2018-06-22 12:41:01'),(2121,2,704,'IJEBU ODE',NULL,NULL,NULL,NULL,'2018-06-22 12:41:01','2018-06-22 12:41:01'),(2122,2,704,'IKENNE',NULL,NULL,NULL,NULL,'2018-06-22 12:41:02','2018-06-22 12:41:02'),(2123,2,704,'IMEKO AFON',NULL,NULL,NULL,NULL,'2018-06-22 12:41:02','2018-06-22 12:41:02'),(2124,2,704,'IPOKIA',NULL,NULL,NULL,NULL,'2018-06-22 12:41:02','2018-06-22 12:41:02'),(2125,2,704,'OBAFEMI OWODE',NULL,NULL,NULL,NULL,'2018-06-22 12:41:02','2018-06-22 12:41:02'),(2126,2,704,'ODEDA',NULL,NULL,NULL,NULL,'2018-06-22 12:41:02','2018-06-22 12:41:02'),(2127,2,704,'ODOGBOLU',NULL,NULL,NULL,NULL,'2018-06-22 12:41:02','2018-06-22 12:41:02'),(2128,2,704,'OGUN WATERSIDE',NULL,NULL,NULL,NULL,'2018-06-22 12:41:02','2018-06-22 12:41:02'),(2129,2,704,'REMO NORTH',NULL,NULL,NULL,NULL,'2018-06-22 12:41:02','2018-06-22 12:41:02'),(2130,2,704,'SHAGAMU',NULL,NULL,NULL,NULL,'2018-06-22 12:41:02','2018-06-22 12:41:02'),(2131,2,705,'AKOKO NORTH-EAST',NULL,NULL,NULL,NULL,'2018-06-22 12:41:03','2018-06-22 12:41:03'),(2132,2,705,'AKOKO NORTH-WEST',NULL,NULL,NULL,NULL,'2018-06-22 12:41:03','2018-06-22 12:41:03'),(2133,2,705,'AKOKO SOUTH-WEST',NULL,NULL,NULL,NULL,'2018-06-22 12:41:03','2018-06-22 12:41:03'),(2134,2,705,'AKOKO SOUTH-EAST',NULL,NULL,NULL,NULL,'2018-06-22 12:41:03','2018-06-22 12:41:03'),(2135,2,705,'AKURE NORTH',NULL,NULL,NULL,NULL,'2018-06-22 12:41:03','2018-06-22 12:41:03'),(2136,2,705,'AKURE SOUTH',NULL,NULL,NULL,NULL,'2018-06-22 12:41:03','2018-06-22 12:41:03'),(2137,2,705,'ESE ODO',NULL,NULL,NULL,NULL,'2018-06-22 12:41:03','2018-06-22 12:41:03'),(2138,2,705,'IDANRE',NULL,NULL,NULL,NULL,'2018-06-22 12:41:03','2018-06-22 12:41:03'),(2139,2,705,'IFEDORE',NULL,NULL,NULL,NULL,'2018-06-22 12:41:03','2018-06-22 12:41:03'),(2140,2,705,'ILAJE',NULL,NULL,NULL,NULL,'2018-06-22 12:41:03','2018-06-22 12:41:03'),(2141,2,705,'ILE OLUJI/OKEIGBO',NULL,NULL,NULL,NULL,'2018-06-22 12:41:03','2018-06-22 12:41:03'),(2142,2,705,'IRELE',NULL,NULL,NULL,NULL,'2018-06-22 12:41:03','2018-06-22 12:41:03'),(2143,2,705,'ODIGBO',NULL,NULL,NULL,NULL,'2018-06-22 12:41:04','2018-06-22 12:41:04'),(2144,2,705,'OKITIPUPA',NULL,NULL,NULL,NULL,'2018-06-22 12:41:04','2018-06-22 12:41:04'),(2145,2,705,'ONDO EAST',NULL,NULL,NULL,NULL,'2018-06-22 12:41:04','2018-06-22 12:41:04'),(2146,2,705,'ONDO WEST',NULL,NULL,NULL,NULL,'2018-06-22 12:41:04','2018-06-22 12:41:04'),(2147,2,705,'OSE',NULL,NULL,NULL,NULL,'2018-06-22 12:41:04','2018-06-22 12:41:04'),(2148,2,705,'OWO',NULL,NULL,NULL,NULL,'2018-06-22 12:41:05','2018-06-22 12:41:05'),(2149,2,706,'ATAKUNMOSA EAST',NULL,NULL,NULL,NULL,'2018-06-22 12:41:05','2018-06-22 12:41:05'),(2150,2,706,'ATAKUNMOSA WEST',NULL,NULL,NULL,NULL,'2018-06-22 12:41:05','2018-06-22 12:41:05'),(2151,2,706,'AIYEDAADE',NULL,NULL,NULL,NULL,'2018-06-22 12:41:05','2018-06-22 12:41:05'),(2152,2,706,'AIYEDIRE',NULL,NULL,NULL,NULL,'2018-06-22 12:41:05','2018-06-22 12:41:05'),(2153,2,706,'BOLUWADURO',NULL,NULL,NULL,NULL,'2018-06-22 12:41:06','2018-06-22 12:41:06'),(2154,2,706,'BORIPE',NULL,NULL,NULL,NULL,'2018-06-22 12:41:06','2018-06-22 12:41:06'),(2155,2,706,'EDE NORTH',NULL,NULL,NULL,NULL,'2018-06-22 12:41:06','2018-06-22 12:41:06'),(2156,2,706,'EDE SOUTH',NULL,NULL,NULL,NULL,'2018-06-22 12:41:06','2018-06-22 12:41:06'),(2157,2,706,'IFE CENTRAL',NULL,NULL,NULL,NULL,'2018-06-22 12:41:06','2018-06-22 12:41:06'),(2158,2,706,'IFE EAST',NULL,NULL,NULL,NULL,'2018-06-22 12:41:06','2018-06-22 12:41:06'),(2159,2,706,'IFE NORTH',NULL,NULL,NULL,NULL,'2018-06-22 12:41:06','2018-06-22 12:41:06'),(2160,2,706,'IFE SOUTH',NULL,NULL,NULL,NULL,'2018-06-22 12:41:06','2018-06-22 12:41:06'),(2161,2,706,'EGBEDORE',NULL,NULL,NULL,NULL,'2018-06-22 12:41:07','2018-06-22 12:41:07'),(2162,2,706,'EJIGBO',NULL,NULL,NULL,NULL,'2018-06-22 12:41:08','2018-06-22 12:41:08'),(2163,2,706,'IFEDAYO',NULL,NULL,NULL,NULL,'2018-06-22 12:41:08','2018-06-22 12:41:08'),(2164,2,706,'IFELODUN',NULL,NULL,NULL,NULL,'2018-06-22 12:41:08','2018-06-22 12:41:08'),(2165,2,706,'ILA',NULL,NULL,NULL,NULL,'2018-06-22 12:41:08','2018-06-22 12:41:08'),(2166,2,706,'ILESA EAST',NULL,NULL,NULL,NULL,'2018-06-22 12:41:08','2018-06-22 12:41:08'),(2167,2,706,'ILESA WEST',NULL,NULL,NULL,NULL,'2018-06-22 12:41:09','2018-06-22 12:41:09'),(2168,2,706,'IREPODUN',NULL,NULL,NULL,NULL,'2018-06-22 12:41:09','2018-06-22 12:41:09'),(2169,2,706,'IREWOLE',NULL,NULL,NULL,NULL,'2018-06-22 12:41:09','2018-06-22 12:41:09'),(2170,2,706,'ISOKAN',NULL,NULL,NULL,NULL,'2018-06-22 12:41:09','2018-06-22 12:41:09'),(2171,2,706,'IWO',NULL,NULL,NULL,NULL,'2018-06-22 12:41:09','2018-06-22 12:41:09'),(2172,2,706,'OBOKUN',NULL,NULL,NULL,NULL,'2018-06-22 12:41:09','2018-06-22 12:41:09'),(2173,2,706,'ODO OTIN',NULL,NULL,NULL,NULL,'2018-06-22 12:41:09','2018-06-22 12:41:09'),(2174,2,706,'OLA OLUWA',NULL,NULL,NULL,NULL,'2018-06-22 12:41:09','2018-06-22 12:41:09'),(2175,2,706,'OLORUNDA',NULL,NULL,NULL,NULL,'2018-06-22 12:41:09','2018-06-22 12:41:09'),(2176,2,706,'ORIADE',NULL,NULL,NULL,NULL,'2018-06-22 12:41:10','2018-06-22 12:41:10'),(2177,2,706,'OROLU',NULL,NULL,NULL,NULL,'2018-06-22 12:41:10','2018-06-22 12:41:10'),(2178,2,706,'OSOGBO',NULL,NULL,NULL,NULL,'2018-06-22 12:41:10','2018-06-22 12:41:10'),(2179,2,706,'OBOKUN',NULL,NULL,NULL,NULL,'2018-06-22 12:41:10','2018-06-22 12:41:10'),(2180,2,707,'AFIJIO',NULL,NULL,NULL,NULL,'2018-06-22 12:41:10','2018-06-22 12:41:10'),(2181,2,707,'AKINYELE',NULL,NULL,NULL,NULL,'2018-06-22 12:41:10','2018-06-22 12:41:10'),(2182,2,707,'ATIBA',NULL,NULL,NULL,NULL,'2018-06-22 12:41:11','2018-06-22 12:41:11'),(2183,2,707,'ATIGBO',NULL,NULL,NULL,NULL,'2018-06-22 12:41:11','2018-06-22 12:41:11'),(2184,2,707,'EGBEDA',NULL,NULL,NULL,NULL,'2018-06-22 12:41:11','2018-06-22 12:41:11'),(2185,2,707,'IBADAN NORTH',NULL,NULL,NULL,NULL,'2018-06-22 12:41:11','2018-06-22 12:41:11'),(2186,2,707,'IBADAN NORTH-EAST',NULL,NULL,NULL,NULL,'2018-06-22 12:41:11','2018-06-22 12:41:11'),(2187,2,707,'IBADAN NORTH-WEST',NULL,NULL,NULL,NULL,'2018-06-22 12:41:11','2018-06-22 12:41:11'),(2188,2,707,'IBADAN SOUTH-EAST',NULL,NULL,NULL,NULL,'2018-06-22 12:41:11','2018-06-22 12:41:11'),(2189,2,707,'IBADAN SOUTH-WEST',NULL,NULL,NULL,NULL,'2018-06-22 12:41:11','2018-06-22 12:41:11'),(2190,2,707,'IBARAPA CENTRAL',NULL,NULL,NULL,NULL,'2018-06-22 12:41:11','2018-06-22 12:41:11'),(2191,2,707,'IBARAPA EAST',NULL,NULL,NULL,NULL,'2018-06-22 12:41:11','2018-06-22 12:41:11'),(2192,2,707,'IBARAPA NORTH',NULL,NULL,NULL,NULL,'2018-06-22 12:41:11','2018-06-22 12:41:11'),(2193,2,707,'IDO',NULL,NULL,NULL,NULL,'2018-06-22 12:41:11','2018-06-22 12:41:11'),(2194,2,707,'IREPO',NULL,NULL,NULL,NULL,'2018-06-22 12:41:11','2018-06-22 12:41:11'),(2195,2,707,'ISEYIN',NULL,NULL,NULL,NULL,'2018-06-22 12:41:11','2018-06-22 12:41:11'),(2196,2,707,'ITESIWAJU',NULL,NULL,NULL,NULL,'2018-06-22 12:41:11','2018-06-22 12:41:11'),(2197,2,707,'IWAJOWA',NULL,NULL,NULL,NULL,'2018-06-22 12:41:12','2018-06-22 12:41:12'),(2198,2,707,'KAJOLA',NULL,NULL,NULL,NULL,'2018-06-22 12:41:13','2018-06-22 12:41:13'),(2199,2,707,'LAGELU',NULL,NULL,NULL,NULL,'2018-06-22 12:41:14','2018-06-22 12:41:14'),(2200,2,707,'OGBOMOSHO NORTH',NULL,NULL,NULL,NULL,'2018-06-22 12:41:14','2018-06-22 12:41:14'),(2201,2,707,'OGBOMOSHO SOUTH',NULL,NULL,NULL,NULL,'2018-06-22 12:41:14','2018-06-22 12:41:14'),(2202,2,707,'OGO OLUWA',NULL,NULL,NULL,NULL,'2018-06-22 12:41:14','2018-06-22 12:41:14'),(2203,2,707,'OLORUNSOGO',NULL,NULL,NULL,NULL,'2018-06-22 12:41:14','2018-06-22 12:41:14'),(2204,2,707,'OLUYOLE',NULL,NULL,NULL,NULL,'2018-06-22 12:41:14','2018-06-22 12:41:14'),(2205,2,707,'ONA ARA',NULL,NULL,NULL,NULL,'2018-06-22 12:41:14','2018-06-22 12:41:14'),(2206,2,707,'ORELOPE',NULL,NULL,NULL,NULL,'2018-06-22 12:41:14','2018-06-22 12:41:14'),(2207,2,707,'ORI IRE',NULL,NULL,NULL,NULL,'2018-06-22 12:41:14','2018-06-22 12:41:14'),(2208,2,707,'OYO WEST',NULL,NULL,NULL,NULL,'2018-06-22 12:41:14','2018-06-22 12:41:14'),(2209,2,707,'OYO EAST',NULL,NULL,NULL,NULL,'2018-06-22 12:41:14','2018-06-22 12:41:14'),(2210,2,707,'SAKI EAST',NULL,NULL,NULL,NULL,'2018-06-22 12:41:14','2018-06-22 12:41:14'),(2211,2,707,'SAKI WEST',NULL,NULL,NULL,NULL,'2018-06-22 12:41:14','2018-06-22 12:41:14'),(2212,2,707,'SURULERE',NULL,NULL,NULL,NULL,'2018-06-22 12:41:14','2018-06-22 12:41:14'),(2213,2,708,'BOKKOS',NULL,NULL,NULL,NULL,'2018-06-22 12:41:14','2018-06-22 12:41:14'),(2214,2,708,'BARKIN LADI',NULL,NULL,NULL,NULL,'2018-06-22 12:41:14','2018-06-22 12:41:14'),(2215,2,708,'BASSA',NULL,NULL,NULL,NULL,'2018-06-22 12:41:15','2018-06-22 12:41:15'),(2216,2,708,'JOS EAST',NULL,NULL,NULL,NULL,'2018-06-22 12:41:15','2018-06-22 12:41:15'),(2217,2,708,'JOS NORTH',NULL,NULL,NULL,NULL,'2018-06-22 12:41:16','2018-06-22 12:41:16'),(2218,2,708,'JOS SOUTH',NULL,NULL,NULL,NULL,'2018-06-22 12:41:16','2018-06-22 12:41:16'),(2219,2,708,'KANAM',NULL,NULL,NULL,NULL,'2018-06-22 12:41:16','2018-06-22 12:41:16'),(2220,2,708,'KANKE',NULL,NULL,NULL,NULL,'2018-06-22 12:41:16','2018-06-22 12:41:16'),(2221,2,708,'LANGTANG SOUTH',NULL,NULL,NULL,NULL,'2018-06-22 12:41:16','2018-06-22 12:41:16'),(2222,2,708,'LANGTANG NORTH',NULL,NULL,NULL,NULL,'2018-06-22 12:41:17','2018-06-22 12:41:17'),(2223,2,708,'MANGU',NULL,NULL,NULL,NULL,'2018-06-22 12:41:17','2018-06-22 12:41:17'),(2224,2,708,'MIKANG',NULL,NULL,NULL,NULL,'2018-06-22 12:41:17','2018-06-22 12:41:17'),(2225,2,708,'PANKSHIN',NULL,NULL,NULL,NULL,'2018-06-22 12:41:17','2018-06-22 12:41:17'),(2226,2,708,'QUA''AN PAN',NULL,NULL,NULL,NULL,'2018-06-22 12:41:17','2018-06-22 12:41:17'),(2227,2,708,'RIYOM',NULL,NULL,NULL,NULL,'2018-06-22 12:41:17','2018-06-22 12:41:17'),(2228,2,708,'SHENDAM',NULL,NULL,NULL,NULL,'2018-06-22 12:41:17','2018-06-22 12:41:17'),(2229,2,708,'WASE',NULL,NULL,NULL,NULL,'2018-06-22 12:41:17','2018-06-22 12:41:17'),(2230,2,709,'ABUA/ODUAL',NULL,NULL,NULL,NULL,'2018-06-22 12:41:17','2018-06-22 12:41:17'),(2231,2,709,'AHOADA EAST',NULL,NULL,NULL,NULL,'2018-06-22 12:41:17','2018-06-22 12:41:17'),(2232,2,709,'AHOADA WEST',NULL,NULL,NULL,NULL,'2018-06-22 12:41:17','2018-06-22 12:41:17'),(2233,2,709,'AKUKU-TORU',NULL,NULL,NULL,NULL,'2018-06-22 12:41:17','2018-06-22 12:41:17'),(2234,2,709,'ANDONI',NULL,NULL,NULL,NULL,'2018-06-22 12:41:17','2018-06-22 12:41:17'),(2235,2,709,'ASARI-TORU',NULL,NULL,NULL,NULL,'2018-06-22 12:41:18','2018-06-22 12:41:18'),(2236,2,709,'BONNY',NULL,NULL,NULL,NULL,'2018-06-22 12:41:18','2018-06-22 12:41:18'),(2237,2,709,'DEGEMA',NULL,NULL,NULL,NULL,'2018-06-22 12:41:18','2018-06-22 12:41:18'),(2238,2,709,'ELEME',NULL,NULL,NULL,NULL,'2018-06-22 12:41:18','2018-06-22 12:41:18'),(2239,2,709,'EMUOHA',NULL,NULL,NULL,NULL,'2018-06-22 12:41:18','2018-06-22 12:41:18'),(2240,2,709,'ETCHE',NULL,NULL,NULL,NULL,'2018-06-22 12:41:18','2018-06-22 12:41:18'),(2241,2,709,'GOKANA',NULL,NULL,NULL,NULL,'2018-06-22 12:41:19','2018-06-22 12:41:19'),(2242,2,709,'IKWERRE',NULL,NULL,NULL,NULL,'2018-06-22 12:41:19','2018-06-22 12:41:19'),(2243,2,709,'KHANA',NULL,NULL,NULL,NULL,'2018-06-22 12:41:19','2018-06-22 12:41:19'),(2244,2,709,'OBIO/AKPOR',NULL,NULL,NULL,NULL,'2018-06-22 12:41:19','2018-06-22 12:41:19'),(2245,2,709,'OGBA/EGBEMA/NDONI',NULL,NULL,NULL,NULL,'2018-06-22 12:41:19','2018-06-22 12:41:19'),(2246,2,709,'OGU/BOLO',NULL,NULL,NULL,NULL,'2018-06-22 12:41:19','2018-06-22 12:41:19'),(2247,2,709,'OKRIKA',NULL,NULL,NULL,NULL,'2018-06-22 12:41:19','2018-06-22 12:41:19'),(2248,2,709,'OMUMA',NULL,NULL,NULL,NULL,'2018-06-22 12:41:19','2018-06-22 12:41:19'),(2249,2,709,'OPOBO/NKORO',NULL,NULL,NULL,NULL,'2018-06-22 12:41:20','2018-06-22 12:41:20'),(2250,2,709,'OYIGBO',NULL,NULL,NULL,NULL,'2018-06-22 12:41:20','2018-06-22 12:41:20'),(2251,2,709,'PORT HARCOURT',NULL,NULL,NULL,NULL,'2018-06-22 12:41:20','2018-06-22 12:41:20'),(2252,2,709,'TAI',NULL,NULL,NULL,NULL,'2018-06-22 12:41:20','2018-06-22 12:41:20'),(2253,2,709,'OBIO/AKPOR',NULL,NULL,NULL,NULL,'2018-06-22 12:41:20','2018-06-22 12:41:20'),(2254,2,710,'BINJI',NULL,NULL,NULL,NULL,'2018-06-22 12:41:20','2018-06-22 12:41:20'),(2255,2,710,'BODINGA',NULL,NULL,NULL,NULL,'2018-06-22 12:41:20','2018-06-22 12:41:20'),(2256,2,710,'DANGE SHUNI',NULL,NULL,NULL,NULL,'2018-06-22 12:41:20','2018-06-22 12:41:20'),(2257,2,710,'GADA',NULL,NULL,NULL,NULL,'2018-06-22 12:41:20','2018-06-22 12:41:20'),(2258,2,710,'GORONYO',NULL,NULL,NULL,NULL,'2018-06-22 12:41:20','2018-06-22 12:41:20'),(2259,2,710,'GUDU',NULL,NULL,NULL,NULL,'2018-06-22 12:41:20','2018-06-22 12:41:20'),(2260,2,710,'GWADABAWA',NULL,NULL,NULL,NULL,'2018-06-22 12:41:20','2018-06-22 12:41:20'),(2261,2,710,'ILLELA',NULL,NULL,NULL,NULL,'2018-06-22 12:41:21','2018-06-22 12:41:21'),(2262,2,710,'ISA',NULL,NULL,NULL,NULL,'2018-06-22 12:41:21','2018-06-22 12:41:21'),(2263,2,710,'KEBBE',NULL,NULL,NULL,NULL,'2018-06-22 12:41:21','2018-06-22 12:41:21'),(2264,2,710,'KWARE',NULL,NULL,NULL,NULL,'2018-06-22 12:41:21','2018-06-22 12:41:21'),(2265,2,710,'RABAH',NULL,NULL,NULL,NULL,'2018-06-22 12:41:21','2018-06-22 12:41:21'),(2266,2,710,'SABON BIRNI',NULL,NULL,NULL,NULL,'2018-06-22 12:41:22','2018-06-22 12:41:22'),(2267,2,710,'SHAGARI',NULL,NULL,NULL,NULL,'2018-06-22 12:41:23','2018-06-22 12:41:23'),(2268,2,710,'SILAME',NULL,NULL,NULL,NULL,'2018-06-22 12:41:23','2018-06-22 12:41:23'),(2269,2,710,'SOKOTO NORTH',NULL,NULL,NULL,NULL,'2018-06-22 12:41:23','2018-06-22 12:41:23'),(2270,2,710,'SOKOTO SOUTH',NULL,NULL,NULL,NULL,'2018-06-22 12:41:23','2018-06-22 12:41:23'),(2271,2,710,'TAMBUWAL',NULL,NULL,NULL,NULL,'2018-06-22 12:41:24','2018-06-22 12:41:24'),(2272,2,710,'TANGAZA',NULL,NULL,NULL,NULL,'2018-06-22 12:41:24','2018-06-22 12:41:24'),(2273,2,710,'TURETA',NULL,NULL,NULL,NULL,'2018-06-22 12:41:24','2018-06-22 12:41:24'),(2274,2,710,'WAMAKO',NULL,NULL,NULL,NULL,'2018-06-22 12:41:24','2018-06-22 12:41:24'),(2275,2,710,'WURNO',NULL,NULL,NULL,NULL,'2018-06-22 12:41:24','2018-06-22 12:41:24'),(2276,2,710,'YABO',NULL,NULL,NULL,NULL,'2018-06-22 12:41:24','2018-06-22 12:41:24'),(2277,2,711,'ARDO KOLA',NULL,NULL,NULL,NULL,'2018-06-22 12:41:24','2018-06-22 12:41:24'),(2278,2,711,'BALI',NULL,NULL,NULL,NULL,'2018-06-22 12:41:24','2018-06-22 12:41:24'),(2279,2,711,'DONGA',NULL,NULL,NULL,NULL,'2018-06-22 12:41:24','2018-06-22 12:41:24'),(2280,2,711,'GASHAKA',NULL,NULL,NULL,NULL,'2018-06-22 12:41:24','2018-06-22 12:41:24'),(2281,2,711,'GASSOL',NULL,NULL,NULL,NULL,'2018-06-22 12:41:24','2018-06-22 12:41:24'),(2282,2,711,'IBI',NULL,NULL,NULL,NULL,'2018-06-22 12:41:25','2018-06-22 12:41:25'),(2283,2,711,'JALINGO',NULL,NULL,NULL,NULL,'2018-06-22 12:41:25','2018-06-22 12:41:25'),(2284,2,711,'KARIM LAMIDO',NULL,NULL,NULL,NULL,'2018-06-22 12:41:26','2018-06-22 12:41:26'),(2285,2,711,'KUMI',NULL,NULL,NULL,NULL,'2018-06-22 12:41:26','2018-06-22 12:41:26'),(2286,2,711,'LAU',NULL,NULL,NULL,NULL,'2018-06-22 12:41:26','2018-06-22 12:41:26'),(2287,2,711,'SARDAUNA',NULL,NULL,NULL,NULL,'2018-06-22 12:41:27','2018-06-22 12:41:27'),(2288,2,711,'TAKUM',NULL,NULL,NULL,NULL,'2018-06-22 12:41:27','2018-06-22 12:41:27'),(2289,2,711,'USSA',NULL,NULL,NULL,NULL,'2018-06-22 12:41:27','2018-06-22 12:41:27'),(2290,2,711,'WUKARI',NULL,NULL,NULL,NULL,'2018-06-22 12:41:28','2018-06-22 12:41:28'),(2291,2,711,'YORRO',NULL,NULL,NULL,NULL,'2018-06-22 12:41:28','2018-06-22 12:41:28'),(2292,2,711,'ZING',NULL,NULL,NULL,NULL,'2018-06-22 12:41:28','2018-06-22 12:41:28'),(2293,2,712,'BADE',NULL,NULL,NULL,NULL,'2018-06-22 12:41:28','2018-06-22 12:41:28'),(2294,2,712,'BURSARI',NULL,NULL,NULL,NULL,'2018-06-22 12:41:28','2018-06-22 12:41:28'),(2295,2,712,'DAMATURU',NULL,NULL,NULL,NULL,'2018-06-22 12:41:29','2018-06-22 12:41:29'),(2296,2,712,'FIKA',NULL,NULL,NULL,NULL,'2018-06-22 12:41:29','2018-06-22 12:41:29'),(2297,2,712,'FUNE',NULL,NULL,NULL,NULL,'2018-06-22 12:41:29','2018-06-22 12:41:29'),(2298,2,712,'GEIDAM',NULL,NULL,NULL,NULL,'2018-06-22 12:41:29','2018-06-22 12:41:29'),(2299,2,712,'GUJBA',NULL,NULL,NULL,NULL,'2018-06-22 12:41:29','2018-06-22 12:41:29'),(2300,2,712,'GULANI',NULL,NULL,NULL,NULL,'2018-06-22 12:41:29','2018-06-22 12:41:29'),(2301,2,712,'JAKUSKO',NULL,NULL,NULL,NULL,'2018-06-22 12:41:29','2018-06-22 12:41:29'),(2302,2,712,'KARASUWA',NULL,NULL,NULL,NULL,'2018-06-22 12:41:29','2018-06-22 12:41:29'),(2303,2,712,'MACHINA',NULL,NULL,NULL,NULL,'2018-06-22 12:41:29','2018-06-22 12:41:29'),(2304,2,712,'NANGERE',NULL,NULL,NULL,NULL,'2018-06-22 12:41:29','2018-06-22 12:41:29'),(2305,2,712,'NGURU',NULL,NULL,NULL,NULL,'2018-06-22 12:41:30','2018-06-22 12:41:30'),(2306,2,712,'POTISKUM',NULL,NULL,NULL,NULL,'2018-06-22 12:41:30','2018-06-22 12:41:30'),(2307,2,712,'TARMUWA',NULL,NULL,NULL,NULL,'2018-06-22 12:41:30','2018-06-22 12:41:30'),(2308,2,712,'YUNUSARI',NULL,NULL,NULL,NULL,'2018-06-22 12:41:30','2018-06-22 12:41:30'),(2309,2,712,'YUSUFARI',NULL,NULL,NULL,NULL,'2018-06-22 12:41:30','2018-06-22 12:41:30'),(2310,2,713,'ANKA',NULL,NULL,NULL,NULL,'2018-06-22 12:41:30','2018-06-22 12:41:30'),(2311,2,713,'BAKURA',NULL,NULL,NULL,NULL,'2018-06-22 12:41:30','2018-06-22 12:41:30'),(2312,2,713,'BIRNIN MAGAJI/KIYAW',NULL,NULL,NULL,NULL,'2018-06-22 12:41:30','2018-06-22 12:41:30'),(2313,2,713,'BUKKUYUM',NULL,NULL,NULL,NULL,'2018-06-22 12:41:31','2018-06-22 12:41:31'),(2314,2,713,'BUNGUDU',NULL,NULL,NULL,NULL,'2018-06-22 12:41:31','2018-06-22 12:41:31'),(2315,2,713,'GUMMI',NULL,NULL,NULL,NULL,'2018-06-22 12:41:31','2018-06-22 12:41:31'),(2316,2,713,'GUSAU',NULL,NULL,NULL,NULL,'2018-06-22 12:41:31','2018-06-22 12:41:31'),(2317,2,713,'KAURA NAMODA',NULL,NULL,NULL,NULL,'2018-06-22 12:41:32','2018-06-22 12:41:32'),(2318,2,713,'MARADUN',NULL,NULL,NULL,NULL,'2018-06-22 12:41:32','2018-06-22 12:41:32'),(2319,2,713,'MARU',NULL,NULL,NULL,NULL,'2018-06-22 12:41:32','2018-06-22 12:41:32'),(2320,2,713,'SHINKAFI',NULL,NULL,NULL,NULL,'2018-06-22 12:41:32','2018-06-22 12:41:32'),(2321,2,713,'TALATA MAFARA',NULL,NULL,NULL,NULL,'2018-06-22 12:41:32','2018-06-22 12:41:32'),(2322,2,713,'CHAFE',NULL,NULL,NULL,NULL,'2018-06-22 12:41:32','2018-06-22 12:41:32'),(2323,7,NULL,'Other',NULL,NULL,NULL,NULL,NULL,NULL);